-- 12 Categorias
insert into categorias (ide_cat,nom_cat) values (1,'Vegetales');
insert into categorias (ide_cat,nom_cat) values (2,'Frutas');
insert into categorias (ide_cat,nom_cat) values (3,'Carnes');
insert into categorias (ide_cat,nom_cat) values (4,'Viveres');
insert into categorias (ide_cat,nom_cat) values (5,'Lacteos');
insert into categorias (ide_cat,nom_cat) values (6,'Granos');
insert into categorias (ide_cat,nom_cat) values (7,'Condimentos');
insert into categorias (ide_cat,nom_cat) values (8,'Enlatados');
insert into categorias (ide_cat,nom_cat) values (9,'Mascotas');
insert into categorias (ide_cat,nom_cat) values (10,'Bebidas');
insert into categorias (ide_cat,nom_cat) values (11,'Especies');
insert into categorias (ide_cat,nom_cat) values (12,'Limpieza');

-- 12 marcas
insert into marcas (ide_mar,nom_mar) values (1,'Costa');
insert into marcas (ide_mar,nom_mar) values (2,'Nestle');
insert into marcas (ide_mar,nom_mar) values (3,'Dannone');
insert into marcas (ide_mar,nom_mar) values (4,'Winter');
insert into marcas (ide_mar,nom_mar) values (5,'Fanta');
insert into marcas (ide_mar,nom_mar) values (6,'Natura');
insert into marcas (ide_mar,nom_mar) values (7,'Colun');
insert into marcas (ide_mar,nom_mar) values (8,'Soprole');
insert into marcas (ide_mar,nom_mar) values (9,'Jumbo');
insert into marcas (ide_mar,nom_mar) values (10,'Gourmet');
insert into marcas (ide_mar,nom_mar) values (11,'Marco Polo');
insert into marcas (ide_mar,nom_mar) values (12,'Confort');

-- 16 regiones
insert into regiones (ide_reg,nom_reg) values (1,'Tarapacá');
insert into regiones (ide_reg,nom_reg) values (2,'Antofagasta');
insert into regiones (ide_reg,nom_reg) values (3,'Atacama');
insert into regiones (ide_reg,nom_reg) values (4,'Coquimbo');
insert into regiones (ide_reg,nom_reg) values (5,'Valparaíso');
insert into regiones (ide_reg,nom_reg) values (6,'Libertador General Bernardo O´Higgins');
insert into regiones (ide_reg,nom_reg) values (7,'Maule');
insert into regiones (ide_reg,nom_reg) values (8,'Biobío');
insert into regiones (ide_reg,nom_reg) values (9,'La Araucanía');
insert into regiones (ide_reg,nom_reg) values (10,'Los Lagos');
insert into regiones (ide_reg,nom_reg) values (11,'Aysén del General Carlos Ibáñez del Campo');
insert into regiones (ide_reg,nom_reg) values (12,'Magallanes y de la Antártica Chilena');
insert into regiones (ide_reg,nom_reg) values (13,'Metropolitana de Santiago');
insert into regiones (ide_reg,nom_reg) values (14,'Los Ríos');
insert into regiones (ide_reg,nom_reg) values (15,'Arica y Parinacota');
insert into regiones (ide_reg,nom_reg) values (16,'Ñuble');


-- 345 comunas
insert into comunas (ide_com,nom_com,ide_reg) values (1,'Iquique',1);
insert into comunas (ide_com,nom_com,ide_reg) values (2,'Alto Hospicio',1);
insert into comunas (ide_com,nom_com,ide_reg) values (3,'Pozo Almonte',1);
insert into comunas (ide_com,nom_com,ide_reg) values (4,'Camiña',1);
insert into comunas (ide_com,nom_com,ide_reg) values (5,'Colchane',1);
insert into comunas (ide_com,nom_com,ide_reg) values (6,'Huara',1);
insert into comunas (ide_com,nom_com,ide_reg) values (7,'Pica',1);
insert into comunas (ide_com,nom_com,ide_reg) values (8,'Antofagasta',2);
insert into comunas (ide_com,nom_com,ide_reg) values (9,'Mejillones',2);
insert into comunas (ide_com,nom_com,ide_reg) values (10,'Sierra Gorda',2);
insert into comunas (ide_com,nom_com,ide_reg) values (11,'Taltal',2);
insert into comunas (ide_com,nom_com,ide_reg) values (12,'Calama',2);
insert into comunas (ide_com,nom_com,ide_reg) values (13,'Ollagüe',2);
insert into comunas (ide_com,nom_com,ide_reg) values (14,'San Pedro de Atacama',2);
insert into comunas (ide_com,nom_com,ide_reg) values (15,'Tocopilla',2);
insert into comunas (ide_com,nom_com,ide_reg) values (16,'María Elena',2);
insert into comunas (ide_com,nom_com,ide_reg) values (17,'Copiapó',3);
insert into comunas (ide_com,nom_com,ide_reg) values (18,'Caldera',3);
insert into comunas (ide_com,nom_com,ide_reg) values (19,'Tierra Amarilla',3);
insert into comunas (ide_com,nom_com,ide_reg) values (20,'Chañaral',3);
insert into comunas (ide_com,nom_com,ide_reg) values (21,'Diego de Almagro',3);
insert into comunas (ide_com,nom_com,ide_reg) values (22,'Vallenar',3);
insert into comunas (ide_com,nom_com,ide_reg) values (23,'Alto del Carmen',3);
insert into comunas (ide_com,nom_com,ide_reg) values (24,'Freirina',3);
insert into comunas (ide_com,nom_com,ide_reg) values (25,'Huasco',3);
insert into comunas (ide_com,nom_com,ide_reg) values (26,'La Serena',4);
insert into comunas (ide_com,nom_com,ide_reg) values (27,'Coquimbo',4);
insert into comunas (ide_com,nom_com,ide_reg) values (28,'Andacollo',4);
insert into comunas (ide_com,nom_com,ide_reg) values (29,'La Higuera',4);
insert into comunas (ide_com,nom_com,ide_reg) values (30,'Paiguano',4);
insert into comunas (ide_com,nom_com,ide_reg) values (31,'Vicuña',4);
insert into comunas (ide_com,nom_com,ide_reg) values (32,'Illapel',4);
insert into comunas (ide_com,nom_com,ide_reg) values (33,'Canela',4);
insert into comunas (ide_com,nom_com,ide_reg) values (34,'Los Vilos',4);
insert into comunas (ide_com,nom_com,ide_reg) values (35,'Salamanca',4);
insert into comunas (ide_com,nom_com,ide_reg) values (36,'Ovalle',4);
insert into comunas (ide_com,nom_com,ide_reg) values (37,'Combarbalá',4);
insert into comunas (ide_com,nom_com,ide_reg) values (38,'Monte Patria',4);
insert into comunas (ide_com,nom_com,ide_reg) values (39,'Punitaqui',4);
insert into comunas (ide_com,nom_com,ide_reg) values (40,'Río Hurtado',4);
insert into comunas (ide_com,nom_com,ide_reg) values (41,'Valparaíso',5);
insert into comunas (ide_com,nom_com,ide_reg) values (42,'Casablanca',5);
insert into comunas (ide_com,nom_com,ide_reg) values (43,'Concón',5);
insert into comunas (ide_com,nom_com,ide_reg) values (44,'Juan Fernández',5);
insert into comunas (ide_com,nom_com,ide_reg) values (45,'Puchuncaví',5);
insert into comunas (ide_com,nom_com,ide_reg) values (46,'Quintero',5);
insert into comunas (ide_com,nom_com,ide_reg) values (47,'Viña del Mar',5);
insert into comunas (ide_com,nom_com,ide_reg) values (48,'Isla de Pascua',5);
insert into comunas (ide_com,nom_com,ide_reg) values (49,'Los Andes',5);
insert into comunas (ide_com,nom_com,ide_reg) values (50,'Calle Larga',5);
insert into comunas (ide_com,nom_com,ide_reg) values (51,'Rinconada',5);
insert into comunas (ide_com,nom_com,ide_reg) values (52,'San Esteban',5);
insert into comunas (ide_com,nom_com,ide_reg) values (53,'La Ligua',5);
insert into comunas (ide_com,nom_com,ide_reg) values (54,'Cabildo',5);
insert into comunas (ide_com,nom_com,ide_reg) values (55,'Papudo',5);
insert into comunas (ide_com,nom_com,ide_reg) values (56,'Petorca',5);
insert into comunas (ide_com,nom_com,ide_reg) values (57,'Zapallar',5);
insert into comunas (ide_com,nom_com,ide_reg) values (58,'Quillota',5);
insert into comunas (ide_com,nom_com,ide_reg) values (59,'Calera',5);
insert into comunas (ide_com,nom_com,ide_reg) values (60,'Hijuelas',5);
insert into comunas (ide_com,nom_com,ide_reg) values (61,'La Cruz',5);
insert into comunas (ide_com,nom_com,ide_reg) values (62,'Nogales',5);
insert into comunas (ide_com,nom_com,ide_reg) values (63,'San Antonio',5);
insert into comunas (ide_com,nom_com,ide_reg) values (64,'Algarrobo',5);
insert into comunas (ide_com,nom_com,ide_reg) values (65,'Cartagena',5);
insert into comunas (ide_com,nom_com,ide_reg) values (66,'El Quisco',5);
insert into comunas (ide_com,nom_com,ide_reg) values (67,'El Tabo',5);
insert into comunas (ide_com,nom_com,ide_reg) values (68,'Santo Domingo',5);
insert into comunas (ide_com,nom_com,ide_reg) values (69,'San Felipe',5);
insert into comunas (ide_com,nom_com,ide_reg) values (70,'Catemu',5);
insert into comunas (ide_com,nom_com,ide_reg) values (71,'Llaillay',5);
insert into comunas (ide_com,nom_com,ide_reg) values (72,'Panquehue',5);
insert into comunas (ide_com,nom_com,ide_reg) values (73,'Putaendo',5);
insert into comunas (ide_com,nom_com,ide_reg) values (74,'Santa María',5);
insert into comunas (ide_com,nom_com,ide_reg) values (75,'Quilpué',5);
insert into comunas (ide_com,nom_com,ide_reg) values (76,'Limache',5);
insert into comunas (ide_com,nom_com,ide_reg) values (77,'Olmué',5);
insert into comunas (ide_com,nom_com,ide_reg) values (78,'Villa Alemana',5);
insert into comunas (ide_com,nom_com,ide_reg) values (79,'Rancagua',6);
insert into comunas (ide_com,nom_com,ide_reg) values (80,'Codegua',6);
insert into comunas (ide_com,nom_com,ide_reg) values (81,'Coinco',6);
insert into comunas (ide_com,nom_com,ide_reg) values (82,'Coltauco',6);
insert into comunas (ide_com,nom_com,ide_reg) values (83,'Doñihue',6);
insert into comunas (ide_com,nom_com,ide_reg) values (84,'Graneros',6);
insert into comunas (ide_com,nom_com,ide_reg) values (85,'Las Cabras',6);
insert into comunas (ide_com,nom_com,ide_reg) values (86,'Machalí',6);
insert into comunas (ide_com,nom_com,ide_reg) values (87,'Malloa',6);
insert into comunas (ide_com,nom_com,ide_reg) values (88,'Mostazal',6);
insert into comunas (ide_com,nom_com,ide_reg) values (89,'Olivar',6);
insert into comunas (ide_com,nom_com,ide_reg) values (90,'Peumo',6);
insert into comunas (ide_com,nom_com,ide_reg) values (91,'Pichidegua',6);
insert into comunas (ide_com,nom_com,ide_reg) values (92,'Quinta de Tilcoco',6);
insert into comunas (ide_com,nom_com,ide_reg) values (93,'Rengo',6);
insert into comunas (ide_com,nom_com,ide_reg) values (94,'Requínoa',6);
insert into comunas (ide_com,nom_com,ide_reg) values (95,'San Vicente',6);
insert into comunas (ide_com,nom_com,ide_reg) values (96,'Pichilemu',6);
insert into comunas (ide_com,nom_com,ide_reg) values (97,'La Estrella',6);
insert into comunas (ide_com,nom_com,ide_reg) values (98,'Litueche',6);
insert into comunas (ide_com,nom_com,ide_reg) values (99,'Marchihue',6);
insert into comunas (ide_com,nom_com,ide_reg) values (100,'Navidad',6);
insert into comunas (ide_com,nom_com,ide_reg) values (101,'Paredones',6);
insert into comunas (ide_com,nom_com,ide_reg) values (102,'San Fernando',6);
insert into comunas (ide_com,nom_com,ide_reg) values (103,'Chépica',6);
insert into comunas (ide_com,nom_com,ide_reg) values (104,'Chimbarongo',6);
insert into comunas (ide_com,nom_com,ide_reg) values (105,'Lolol',6);
insert into comunas (ide_com,nom_com,ide_reg) values (106,'Nancagua',6);
insert into comunas (ide_com,nom_com,ide_reg) values (107,'Palmilla',6);
insert into comunas (ide_com,nom_com,ide_reg) values (108,'Peralillo',6);
insert into comunas (ide_com,nom_com,ide_reg) values (109,'Placilla',6);
insert into comunas (ide_com,nom_com,ide_reg) values (110,'Pumanque',6);
insert into comunas (ide_com,nom_com,ide_reg) values (111,'Santa Cruz',6);
insert into comunas (ide_com,nom_com,ide_reg) values (112,'Talca',7);
insert into comunas (ide_com,nom_com,ide_reg) values (113,'Constitución',7);
insert into comunas (ide_com,nom_com,ide_reg) values (114,'Curepto',7);
insert into comunas (ide_com,nom_com,ide_reg) values (115,'Empedrado',7);
insert into comunas (ide_com,nom_com,ide_reg) values (116,'Maule',7);
insert into comunas (ide_com,nom_com,ide_reg) values (117,'Pelarco',7);
insert into comunas (ide_com,nom_com,ide_reg) values (118,'Pencahue',7);
insert into comunas (ide_com,nom_com,ide_reg) values (119,'Río Claro',7);
insert into comunas (ide_com,nom_com,ide_reg) values (120,'San Clemente',7);
insert into comunas (ide_com,nom_com,ide_reg) values (121,'San Rafael',7);
insert into comunas (ide_com,nom_com,ide_reg) values (122,'Cauquenes',7);
insert into comunas (ide_com,nom_com,ide_reg) values (123,'Chanco',7);
insert into comunas (ide_com,nom_com,ide_reg) values (124,'Pelluhue',7);
insert into comunas (ide_com,nom_com,ide_reg) values (125,'Curicó',7);
insert into comunas (ide_com,nom_com,ide_reg) values (126,'Hualañé',7);
insert into comunas (ide_com,nom_com,ide_reg) values (127,'Licantén',7);
insert into comunas (ide_com,nom_com,ide_reg) values (128,'Molina',7);
insert into comunas (ide_com,nom_com,ide_reg) values (129,'Rauco',7);
insert into comunas (ide_com,nom_com,ide_reg) values (130,'Romeral',7);
insert into comunas (ide_com,nom_com,ide_reg) values (131,'Sagrada Familia',7);
insert into comunas (ide_com,nom_com,ide_reg) values (132,'Teno',7);
insert into comunas (ide_com,nom_com,ide_reg) values (133,'Vichuquén',7);
insert into comunas (ide_com,nom_com,ide_reg) values (134,'Linares',7);
insert into comunas (ide_com,nom_com,ide_reg) values (135,'Colbún',7);
insert into comunas (ide_com,nom_com,ide_reg) values (136,'Longaví',7);
insert into comunas (ide_com,nom_com,ide_reg) values (137,'Parral',7);
insert into comunas (ide_com,nom_com,ide_reg) values (138,'Retiro',7);
insert into comunas (ide_com,nom_com,ide_reg) values (139,'San Javier',7);
insert into comunas (ide_com,nom_com,ide_reg) values (140,'Villa Alegre',7);
insert into comunas (ide_com,nom_com,ide_reg) values (141,'Yerbas Buenas',7);
insert into comunas (ide_com,nom_com,ide_reg) values (142,'Concepción',8);
insert into comunas (ide_com,nom_com,ide_reg) values (143,'Coronel',8);
insert into comunas (ide_com,nom_com,ide_reg) values (144,'Chiguayante',8);
insert into comunas (ide_com,nom_com,ide_reg) values (145,'Florida',8);
insert into comunas (ide_com,nom_com,ide_reg) values (146,'Hualqui',8);
insert into comunas (ide_com,nom_com,ide_reg) values (147,'Lota',8);
insert into comunas (ide_com,nom_com,ide_reg) values (148,'Penco',8);
insert into comunas (ide_com,nom_com,ide_reg) values (149,'San Pedro de la Paz',8);
insert into comunas (ide_com,nom_com,ide_reg) values (150,'Santa Juana',8);
insert into comunas (ide_com,nom_com,ide_reg) values (151,'Talcahuano',8);
insert into comunas (ide_com,nom_com,ide_reg) values (152,'Tomé',8);
insert into comunas (ide_com,nom_com,ide_reg) values (153,'Hualpén',8);
insert into comunas (ide_com,nom_com,ide_reg) values (154,'Lebu',8);
insert into comunas (ide_com,nom_com,ide_reg) values (155,'Arauco',8);
insert into comunas (ide_com,nom_com,ide_reg) values (156,'Cañete',8);
insert into comunas (ide_com,nom_com,ide_reg) values (157,'Contulmo',8);
insert into comunas (ide_com,nom_com,ide_reg) values (158,'Curanilahue',8);
insert into comunas (ide_com,nom_com,ide_reg) values (159,'Los Alamos',8);
insert into comunas (ide_com,nom_com,ide_reg) values (160,'Tirúa',8);
insert into comunas (ide_com,nom_com,ide_reg) values (161,'Los Angeles',8);
insert into comunas (ide_com,nom_com,ide_reg) values (162,'Antuco',8);
insert into comunas (ide_com,nom_com,ide_reg) values (163,'Cabrero',8);
insert into comunas (ide_com,nom_com,ide_reg) values (164,'Laja',8);
insert into comunas (ide_com,nom_com,ide_reg) values (165,'Mulchén',8);
insert into comunas (ide_com,nom_com,ide_reg) values (166,'Nacimiento',8);
insert into comunas (ide_com,nom_com,ide_reg) values (167,'Negrete',8);
insert into comunas (ide_com,nom_com,ide_reg) values (168,'Quilaco',8);
insert into comunas (ide_com,nom_com,ide_reg) values (169,'Quilleco',8);
insert into comunas (ide_com,nom_com,ide_reg) values (170,'San Rosendo',8);
insert into comunas (ide_com,nom_com,ide_reg) values (171,'Santa Bárbara',8);
insert into comunas (ide_com,nom_com,ide_reg) values (172,'Tucapel',8);
insert into comunas (ide_com,nom_com,ide_reg) values (173,'Yumbel',8);
insert into comunas (ide_com,nom_com,ide_reg) values (174,'Alto Biobío',8);
insert into comunas (ide_com,nom_com,ide_reg) values (175,'Temuco',9);
insert into comunas (ide_com,nom_com,ide_reg) values (176,'Carahue',9);
insert into comunas (ide_com,nom_com,ide_reg) values (177,'Cunco',9);
insert into comunas (ide_com,nom_com,ide_reg) values (178,'Curarrehue',9);
insert into comunas (ide_com,nom_com,ide_reg) values (179,'Freire',9);
insert into comunas (ide_com,nom_com,ide_reg) values (180,'Galvarino',9);
insert into comunas (ide_com,nom_com,ide_reg) values (181,'Gorbea',9);
insert into comunas (ide_com,nom_com,ide_reg) values (182,'Lautaro',9);
insert into comunas (ide_com,nom_com,ide_reg) values (183,'Loncoche',9);
insert into comunas (ide_com,nom_com,ide_reg) values (184,'Melipeuco',9);
insert into comunas (ide_com,nom_com,ide_reg) values (185,'Nueva Imperial',9);
insert into comunas (ide_com,nom_com,ide_reg) values (186,'Padre Las Casas',9);
insert into comunas (ide_com,nom_com,ide_reg) values (187,'Perquenco',9);
insert into comunas (ide_com,nom_com,ide_reg) values (188,'Pitrufquén',9);
insert into comunas (ide_com,nom_com,ide_reg) values (189,'Pucón',9);
insert into comunas (ide_com,nom_com,ide_reg) values (190,'Saavedra',9);
insert into comunas (ide_com,nom_com,ide_reg) values (191,'Teodoro Schmidt',9);
insert into comunas (ide_com,nom_com,ide_reg) values (192,'Toltén',9);
insert into comunas (ide_com,nom_com,ide_reg) values (193,'Vilcún',9);
insert into comunas (ide_com,nom_com,ide_reg) values (194,'Villarrica',9);
insert into comunas (ide_com,nom_com,ide_reg) values (195,'Cholchol',9);
insert into comunas (ide_com,nom_com,ide_reg) values (196,'Angol',9);
insert into comunas (ide_com,nom_com,ide_reg) values (197,'Collipulli',9);
insert into comunas (ide_com,nom_com,ide_reg) values (198,'Curacautín',9);
insert into comunas (ide_com,nom_com,ide_reg) values (199,'Ercilla',9);
insert into comunas (ide_com,nom_com,ide_reg) values (200,'Lonquimay',9);
insert into comunas (ide_com,nom_com,ide_reg) values (201,'Los Sauces',9);
insert into comunas (ide_com,nom_com,ide_reg) values (202,'Lumaco',9);
insert into comunas (ide_com,nom_com,ide_reg) values (203,'Purén',9);
insert into comunas (ide_com,nom_com,ide_reg) values (204,'Renaico',9);
insert into comunas (ide_com,nom_com,ide_reg) values (205,'Traiguén',9);
insert into comunas (ide_com,nom_com,ide_reg) values (206,'Victoria',9);
insert into comunas (ide_com,nom_com,ide_reg) values (207,'Puerto Montt',10);
insert into comunas (ide_com,nom_com,ide_reg) values (208,'Calbuco',10);
insert into comunas (ide_com,nom_com,ide_reg) values (209,'Cochamó',10);
insert into comunas (ide_com,nom_com,ide_reg) values (210,'Fresia',10);
insert into comunas (ide_com,nom_com,ide_reg) values (211,'Frutillar',10);
insert into comunas (ide_com,nom_com,ide_reg) values (212,'Los Muermos',10);
insert into comunas (ide_com,nom_com,ide_reg) values (213,'Llanquihue',10);
insert into comunas (ide_com,nom_com,ide_reg) values (214,'Maullín',10);
insert into comunas (ide_com,nom_com,ide_reg) values (215,'Puerto Varas',10);
insert into comunas (ide_com,nom_com,ide_reg) values (216,'Castro',10);
insert into comunas (ide_com,nom_com,ide_reg) values (217,'Ancud',10);
insert into comunas (ide_com,nom_com,ide_reg) values (218,'Chonchi',10);
insert into comunas (ide_com,nom_com,ide_reg) values (219,'Curaco de Vélez',10);
insert into comunas (ide_com,nom_com,ide_reg) values (220,'Dalcahue',10);
insert into comunas (ide_com,nom_com,ide_reg) values (221,'Puqueldón',10);
insert into comunas (ide_com,nom_com,ide_reg) values (222,'Queilén',10);
insert into comunas (ide_com,nom_com,ide_reg) values (223,'Quellón',10);
insert into comunas (ide_com,nom_com,ide_reg) values (224,'Quemchi',10);
insert into comunas (ide_com,nom_com,ide_reg) values (225,'Quinchao',10);
insert into comunas (ide_com,nom_com,ide_reg) values (226,'Osorno',10);
insert into comunas (ide_com,nom_com,ide_reg) values (227,'Puerto Octay',10);
insert into comunas (ide_com,nom_com,ide_reg) values (228,'Purranque',10);
insert into comunas (ide_com,nom_com,ide_reg) values (229,'Puyehue',10);
insert into comunas (ide_com,nom_com,ide_reg) values (230,'Río Negro',10);
insert into comunas (ide_com,nom_com,ide_reg) values (231,'San Juan de la Costa',10);
insert into comunas (ide_com,nom_com,ide_reg) values (232,'San Pablo',10);
insert into comunas (ide_com,nom_com,ide_reg) values (233,'Chaitén',10);
insert into comunas (ide_com,nom_com,ide_reg) values (234,'Futaleufú',10);
insert into comunas (ide_com,nom_com,ide_reg) values (235,'Hualaihué',10);
insert into comunas (ide_com,nom_com,ide_reg) values (236,'Palena',10);
insert into comunas (ide_com,nom_com,ide_reg) values (237,'Coihaique',11);
insert into comunas (ide_com,nom_com,ide_reg) values (238,'Lago Verde',11);
insert into comunas (ide_com,nom_com,ide_reg) values (239,'Aisén',11);
insert into comunas (ide_com,nom_com,ide_reg) values (240,'Cisnes',11);
insert into comunas (ide_com,nom_com,ide_reg) values (241,'Guaitecas',11);
insert into comunas (ide_com,nom_com,ide_reg) values (242,'Cochrane',11);
insert into comunas (ide_com,nom_com,ide_reg) values (243,'O´Higgins',11);
insert into comunas (ide_com,nom_com,ide_reg) values (244,'Tortel',11);
insert into comunas (ide_com,nom_com,ide_reg) values (245,'Chile Chico',11);
insert into comunas (ide_com,nom_com,ide_reg) values (246,'Río Ibáñez',11);
insert into comunas (ide_com,nom_com,ide_reg) values (247,'Punta Arenas',12);
insert into comunas (ide_com,nom_com,ide_reg) values (248,'Laguna Blanca',12);
insert into comunas (ide_com,nom_com,ide_reg) values (249,'Río Verde',12);
insert into comunas (ide_com,nom_com,ide_reg) values (250,'San Gregorio',12);
insert into comunas (ide_com,nom_com,ide_reg) values (251,'Cabo de Hornos',12);
insert into comunas (ide_com,nom_com,ide_reg) values (252,'Porvenir',12);
insert into comunas (ide_com,nom_com,ide_reg) values (253,'Primavera',12);
insert into comunas (ide_com,nom_com,ide_reg) values (254,'Timaukel',12);
insert into comunas (ide_com,nom_com,ide_reg) values (255,'Natales',12);
insert into comunas (ide_com,nom_com,ide_reg) values (256,'Torres del Paine',12);
insert into comunas (ide_com,nom_com,ide_reg) values (257,'Santiago',13);
insert into comunas (ide_com,nom_com,ide_reg) values (258,'Cerrillos',13);
insert into comunas (ide_com,nom_com,ide_reg) values (259,'Cerro Navia',13);
insert into comunas (ide_com,nom_com,ide_reg) values (260,'Conchalí',13);
insert into comunas (ide_com,nom_com,ide_reg) values (261,'El Bosque',13);
insert into comunas (ide_com,nom_com,ide_reg) values (262,'Estación Central',13);
insert into comunas (ide_com,nom_com,ide_reg) values (263,'Huechuraba',13);
insert into comunas (ide_com,nom_com,ide_reg) values (264,'Independencia',13);
insert into comunas (ide_com,nom_com,ide_reg) values (265,'La Cisterna',13);
insert into comunas (ide_com,nom_com,ide_reg) values (266,'La Florida',13);
insert into comunas (ide_com,nom_com,ide_reg) values (267,'La Granja',13);
insert into comunas (ide_com,nom_com,ide_reg) values (268,'La Pintana',13);
insert into comunas (ide_com,nom_com,ide_reg) values (269,'La Reina',13);
insert into comunas (ide_com,nom_com,ide_reg) values (270,'Las Condes',13);
insert into comunas (ide_com,nom_com,ide_reg) values (271,'Lo Barnechea',13);
insert into comunas (ide_com,nom_com,ide_reg) values (272,'Lo Espejo',13);
insert into comunas (ide_com,nom_com,ide_reg) values (273,'Lo Prado',13);
insert into comunas (ide_com,nom_com,ide_reg) values (274,'Macul',13);
insert into comunas (ide_com,nom_com,ide_reg) values (275,'Maipú',13);
insert into comunas (ide_com,nom_com,ide_reg) values (276,'Ñuñoa',13);
insert into comunas (ide_com,nom_com,ide_reg) values (277,'Pedro Aguirre Cerda',13);
insert into comunas (ide_com,nom_com,ide_reg) values (278,'Peñalolén',13);
insert into comunas (ide_com,nom_com,ide_reg) values (279,'Providencia',13);
insert into comunas (ide_com,nom_com,ide_reg) values (280,'Pudahuel',13);
insert into comunas (ide_com,nom_com,ide_reg) values (281,'Quilicura',13);
insert into comunas (ide_com,nom_com,ide_reg) values (282,'Quinta Normal',13);
insert into comunas (ide_com,nom_com,ide_reg) values (283,'Recoleta',13);
insert into comunas (ide_com,nom_com,ide_reg) values (284,'Renca',13);
insert into comunas (ide_com,nom_com,ide_reg) values (285,'San Joaquín',13);
insert into comunas (ide_com,nom_com,ide_reg) values (286,'San Miguel',13);
insert into comunas (ide_com,nom_com,ide_reg) values (287,'San Ramón',13);
insert into comunas (ide_com,nom_com,ide_reg) values (288,'Vitacura',13);
insert into comunas (ide_com,nom_com,ide_reg) values (289,'Puente Alto',13);
insert into comunas (ide_com,nom_com,ide_reg) values (290,'Pirque',13);
insert into comunas (ide_com,nom_com,ide_reg) values (291,'San José de Maipo',13);
insert into comunas (ide_com,nom_com,ide_reg) values (292,'Colina',13);
insert into comunas (ide_com,nom_com,ide_reg) values (293,'Lampa',13);
insert into comunas (ide_com,nom_com,ide_reg) values (294,'Tiltil',13);
insert into comunas (ide_com,nom_com,ide_reg) values (295,'San Bernardo',13);
insert into comunas (ide_com,nom_com,ide_reg) values (296,'Buin',13);
insert into comunas (ide_com,nom_com,ide_reg) values (297,'Calera de Tango',13);
insert into comunas (ide_com,nom_com,ide_reg) values (298,'Paine',13);
insert into comunas (ide_com,nom_com,ide_reg) values (299,'Melipilla',13);
insert into comunas (ide_com,nom_com,ide_reg) values (300,'Alhué',13);
insert into comunas (ide_com,nom_com,ide_reg) values (301,'Curacaví',13);
insert into comunas (ide_com,nom_com,ide_reg) values (302,'María Pinto',13);
insert into comunas (ide_com,nom_com,ide_reg) values (303,'San Pedro',13);
insert into comunas (ide_com,nom_com,ide_reg) values (304,'Talagante',13);
insert into comunas (ide_com,nom_com,ide_reg) values (305,'El Monte',13);
insert into comunas (ide_com,nom_com,ide_reg) values (306,'Isla de Maipo',13);
insert into comunas (ide_com,nom_com,ide_reg) values (307,'Padre Hurtado',13);
insert into comunas (ide_com,nom_com,ide_reg) values (308,'Peñaflor',13);
insert into comunas (ide_com,nom_com,ide_reg) values (309,'Valdivia',14);
insert into comunas (ide_com,nom_com,ide_reg) values (310,'Corral',14);
insert into comunas (ide_com,nom_com,ide_reg) values (311,'Lanco',14);
insert into comunas (ide_com,nom_com,ide_reg) values (312,'Los Lagos',14);
insert into comunas (ide_com,nom_com,ide_reg) values (313,'Máfil',14);
insert into comunas (ide_com,nom_com,ide_reg) values (314,'Mariquina',14);
insert into comunas (ide_com,nom_com,ide_reg) values (315,'Paillaco',14);
insert into comunas (ide_com,nom_com,ide_reg) values (316,'Panguipulli',14);
insert into comunas (ide_com,nom_com,ide_reg) values (317,'La Unión',14);
insert into comunas (ide_com,nom_com,ide_reg) values (318,'Futrono',14);
insert into comunas (ide_com,nom_com,ide_reg) values (319,'Lago Ranco',14);
insert into comunas (ide_com,nom_com,ide_reg) values (320,'Río Bueno',14);
insert into comunas (ide_com,nom_com,ide_reg) values (321,'Arica',15);
insert into comunas (ide_com,nom_com,ide_reg) values (322,'Camarones',15);
insert into comunas (ide_com,nom_com,ide_reg) values (323,'Putre',15);
insert into comunas (ide_com,nom_com,ide_reg) values (324,'General Lagos',15);
insert into comunas (ide_com,nom_com,ide_reg) values (325,'Chillán',16);
insert into comunas (ide_com,nom_com,ide_reg) values (326,'Bulnes',16);
insert into comunas (ide_com,nom_com,ide_reg) values (327,'Chillán Viejo',16);
insert into comunas (ide_com,nom_com,ide_reg) values (328,'El Carmen',16);
insert into comunas (ide_com,nom_com,ide_reg) values (329,'Pemuco',16);
insert into comunas (ide_com,nom_com,ide_reg) values (330,'Pinto',16);
insert into comunas (ide_com,nom_com,ide_reg) values (331,'Quillón',16);
insert into comunas (ide_com,nom_com,ide_reg) values (332,'San Ignacio',16);
insert into comunas (ide_com,nom_com,ide_reg) values (333,'Yungay',16);
insert into comunas (ide_com,nom_com,ide_reg) values (334,'Quirihue',16);
insert into comunas (ide_com,nom_com,ide_reg) values (335,'Cobquecura',16);
insert into comunas (ide_com,nom_com,ide_reg) values (336,'Coelemu',16);
insert into comunas (ide_com,nom_com,ide_reg) values (337,'Ninhue',16);
insert into comunas (ide_com,nom_com,ide_reg) values (338,'Portezuelo',16);
insert into comunas (ide_com,nom_com,ide_reg) values (339,'Ranquil',16);
insert into comunas (ide_com,nom_com,ide_reg) values (340,'Treguaco',16);
insert into comunas (ide_com,nom_com,ide_reg) values (341,'San Carlos',16);
insert into comunas (ide_com,nom_com,ide_reg) values (342,'Coihueco',16);
insert into comunas (ide_com,nom_com,ide_reg) values (343,'Ñiquén',16);
insert into comunas (ide_com,nom_com,ide_reg) values (344,'San Fabián',16);
insert into comunas (ide_com,nom_com,ide_reg) values (345,'San Nicolás',16);



--  24 subcategorias

insert into subcategoria (ide_sub,nom_sub,ide_cat) values (1,'Importados',1);
insert into subcategoria (ide_sub,nom_sub,ide_cat) values (2,'Frescas',2);
insert into subcategoria (ide_sub,nom_sub,ide_cat) values (3,'V',3);
insert into subcategoria (ide_sub,nom_sub,ide_cat) values (4,'No Perecible',4);
insert into subcategoria (ide_sub,nom_sub,ide_cat) values (5,'Quesos',5);
insert into subcategoria (ide_sub,nom_sub,ide_cat) values (6,'Pelados',6);
insert into subcategoria (ide_sub,nom_sub,ide_cat) values (7,'Finas',7);
insert into subcategoria (ide_sub,nom_sub,ide_cat) values (8,'Dulce',8);
insert into subcategoria (ide_sub,nom_sub,ide_cat) values (9,'Juguetes',9);
insert into subcategoria (ide_sub,nom_sub,ide_cat) values (10,'Alcoholes',10);
insert into subcategoria (ide_sub,nom_sub,ide_cat) values (11,'Extranjera',11);
insert into subcategoria (ide_sub,nom_sub,ide_cat) values (12,'Desinfectantes',12);
insert into subcategoria (ide_sub,nom_sub,ide_cat) values (13,'Exportados',1);
insert into subcategoria (ide_sub,nom_sub,ide_cat) values (14,'Naturales',2);
insert into subcategoria (ide_sub,nom_sub,ide_cat) values (15,'E',3);
insert into subcategoria (ide_sub,nom_sub,ide_cat) values (16,'Perecible',4);
insert into subcategoria (ide_sub,nom_sub,ide_cat) values (17,'Postres',5);
insert into subcategoria (ide_sub,nom_sub,ide_cat) values (18,'Enteros',6);
insert into subcategoria (ide_sub,nom_sub,ide_cat) values (19,'Naturales',7);
insert into subcategoria (ide_sub,nom_sub,ide_cat) values (20,'Salado',8);
insert into subcategoria (ide_sub,nom_sub,ide_cat) values (21,'Premios',9);
insert into subcategoria (ide_sub,nom_sub,ide_cat) values (22,'Sin Gas',10);
insert into subcategoria (ide_sub,nom_sub,ide_cat) values (23,'Nacional',11);
insert into subcategoria (ide_sub,nom_sub,ide_cat) values (24,'Desodorante',12);


-- 50 filas

insert into Clientes (ide_cli,rut_cli,nom_cli,ape_cli,dir_cli,tel_cli,ide_com) values (1,'5563822-5','FLORENCIA','SANTOS','Calle Nueva 155','457737994',324);
insert into Clientes (ide_cli,rut_cli,nom_cli,ape_cli,dir_cli,tel_cli,ide_com) values (2,'22205421-4','MARCO','LEON','Calle Nueva 156','42596324',251);
insert into Clientes (ide_cli,rut_cli,nom_cli,ape_cli,dir_cli,tel_cli,ide_com) values (3,'8276136-5','JACOBO','CONTRERAS','Calle Nueva 157','648508451',119);
insert into Clientes (ide_cli,rut_cli,nom_cli,ape_cli,dir_cli,tel_cli,ide_com) values (4,'11204216-4','SANTOS','TIMMER','Calle Nueva 158','77440286',281);
insert into Clientes (ide_cli,rut_cli,nom_cli,ape_cli,dir_cli,tel_cli,ide_com) values (5,'24892904-9','JOEL','SALVATIERRA','Calle Nueva 159','521019949',198);
insert into Clientes (ide_cli,rut_cli,nom_cli,ape_cli,dir_cli,tel_cli,ide_com) values (6,'21856409-7','DORIS','SOLAR','Calle Nueva 160','995965795',214);
insert into Clientes (ide_cli,rut_cli,nom_cli,ape_cli,dir_cli,tel_cli,ide_com) values (7,'17240505-3','JANE','MILLANAO','Calle Nueva 161','171366301',220);
insert into Clientes (ide_cli,rut_cli,nom_cli,ape_cli,dir_cli,tel_cli,ide_com) values (8,'14638210-k','ABRAHAM','OLARRA','Calle Nueva 162','815131886',101);
insert into Clientes (ide_cli,rut_cli,nom_cli,ape_cli,dir_cli,tel_cli,ide_com) values (9,'23357554-2','TOMAS','MOLINA','Calle Nueva 163','653036535',151);
insert into Clientes (ide_cli,rut_cli,nom_cli,ape_cli,dir_cli,tel_cli,ide_com) values (10,'11529564-0','DARIO','STOLER','Calle Nueva 164','772162304',112);
insert into Clientes (ide_cli,rut_cli,nom_cli,ape_cli,dir_cli,tel_cli,ide_com) values (11,'11986100-4','MATEO','ARSELA','Calle Nueva 165','622901506',250);
insert into Clientes (ide_cli,rut_cli,nom_cli,ape_cli,dir_cli,tel_cli,ide_com) values (12,'13919436-5','ELIZABETH','HERTZ','Calle Nueva 166','287913095',318);
insert into Clientes (ide_cli,rut_cli,nom_cli,ape_cli,dir_cli,tel_cli,ide_com) values (13,'12956787-2','KATRINA','LORENZO','Calle Nueva 167','231568879',17);
insert into Clientes (ide_cli,rut_cli,nom_cli,ape_cli,dir_cli,tel_cli,ide_com) values (14,'14759682-0','ISAAC','URTUBIA','Calle Nueva 168','181343810',71);
insert into Clientes (ide_cli,rut_cli,nom_cli,ape_cli,dir_cli,tel_cli,ide_com) values (15,'14111997-4','BRYAN','GAUSS','Calle Nueva 169','765170764',229);
insert into Clientes (ide_cli,rut_cli,nom_cli,ape_cli,dir_cli,tel_cli,ide_com) values (16,'11694711-0','LUIS','PUYOL','Calle Nueva 170','619577561',107);
insert into Clientes (ide_cli,rut_cli,nom_cli,ape_cli,dir_cli,tel_cli,ide_com) values (17,'9861064-2','ANGELA','GONGORA','Calle Nueva 171','336212491',15);
insert into Clientes (ide_cli,rut_cli,nom_cli,ape_cli,dir_cli,tel_cli,ide_com) values (18,'24342376-7','ALEJANDRO','PARRA','Calle Nueva 172','582908497',105);
insert into Clientes (ide_cli,rut_cli,nom_cli,ape_cli,dir_cli,tel_cli,ide_com) values (19,'12167689-3','FELIPE','FEDERER','Calle Nueva 173','62246295',283);
insert into Clientes (ide_cli,rut_cli,nom_cli,ape_cli,dir_cli,tel_cli,ide_com) values (20,'11681368-8','SCARLET','SILVA','Calle Nueva 174','84595893',101);
insert into Clientes (ide_cli,rut_cli,nom_cli,ape_cli,dir_cli,tel_cli,ide_com) values (21,'15474809-1','FLOR','VILLARROEL','Calle Nueva 175','737577611',35);
insert into Clientes (ide_cli,rut_cli,nom_cli,ape_cli,dir_cli,tel_cli,ide_com) values (22,'10434982-k','JULIETA','MACKENSI','Calle Nueva 176','470484989',27);
insert into Clientes (ide_cli,rut_cli,nom_cli,ape_cli,dir_cli,tel_cli,ide_com) values (23,'12115804-3','ISAAC','TORO','Calle Nueva 177','805424837',323);
insert into Clientes (ide_cli,rut_cli,nom_cli,ape_cli,dir_cli,tel_cli,ide_com) values (24,'23589840-3','ABEL','BERNALES','Calle Nueva 178','475328669',310);
insert into Clientes (ide_cli,rut_cli,nom_cli,ape_cli,dir_cli,tel_cli,ide_com) values (25,'11215436-1','NATASHA','RIOS','Calle Nueva 179','896359363',242);
insert into Clientes (ide_cli,rut_cli,nom_cli,ape_cli,dir_cli,tel_cli,ide_com) values (26,'18076146-2','CRISTOBAL','ARANEDA','Calle Nueva 180','223784677',29);
insert into Clientes (ide_cli,rut_cli,nom_cli,ape_cli,dir_cli,tel_cli,ide_com) values (27,'5153734-3','GENESIS','ARSELA','Calle Nueva 181','796049036',308);
insert into Clientes (ide_cli,rut_cli,nom_cli,ape_cli,dir_cli,tel_cli,ide_com) values (28,'21943103-1','CARLA','HERRERA','Calle Nueva 182','131372700',4);
insert into Clientes (ide_cli,rut_cli,nom_cli,ape_cli,dir_cli,tel_cli,ide_com) values (29,'5614073-5','ADAN','HORMAZABAL','Calle Nueva 183','285924707',251);
insert into Clientes (ide_cli,rut_cli,nom_cli,ape_cli,dir_cli,tel_cli,ide_com) values (30,'18574339-k','KRISTEL','BERNALES','Calle Nueva 184','30881107',24);
insert into Clientes (ide_cli,rut_cli,nom_cli,ape_cli,dir_cli,tel_cli,ide_com) values (31,'14052722-k','LIONEL','REYES','Calle Nueva 185','828838060',209);
insert into Clientes (ide_cli,rut_cli,nom_cli,ape_cli,dir_cli,tel_cli,ide_com) values (32,'24036777-7','TOMAS','CABEZAS','Calle Nueva 186','654909719',246);
insert into Clientes (ide_cli,rut_cli,nom_cli,ape_cli,dir_cli,tel_cli,ide_com) values (33,'9545960-9','TANIA','REYES','Calle Nueva 187','577184472',150);
insert into Clientes (ide_cli,rut_cli,nom_cli,ape_cli,dir_cli,tel_cli,ide_com) values (34,'21985746-2','OMAR','MORALES','Calle Nueva 188','559230810',215);
insert into Clientes (ide_cli,rut_cli,nom_cli,ape_cli,dir_cli,tel_cli,ide_com) values (35,'17654720-0','ANTONIA','CORVALAN ','Calle Nueva 189','407435802',59);
insert into Clientes (ide_cli,rut_cli,nom_cli,ape_cli,dir_cli,tel_cli,ide_com) values (36,'15645091-k','JAIME','FAUNDEZ','Calle Nueva 190','421145069',268);
insert into Clientes (ide_cli,rut_cli,nom_cli,ape_cli,dir_cli,tel_cli,ide_com) values (37,'12543119-4','HERNAN','STARK','Calle Nueva 191','388166377',193);
insert into Clientes (ide_cli,rut_cli,nom_cli,ape_cli,dir_cli,tel_cli,ide_com) values (38,'12669534-9','LEONEL','GARIN','Calle Nueva 192','680052659',67);
insert into Clientes (ide_cli,rut_cli,nom_cli,ape_cli,dir_cli,tel_cli,ide_com) values (39,'6611428-7','ISAIAS','FUENZALIDA','Calle Nueva 193','995855063',228);
insert into Clientes (ide_cli,rut_cli,nom_cli,ape_cli,dir_cli,tel_cli,ide_com) values (40,'11813517-2','BORIS','PONCE','Calle Nueva 194','213622150',30);
insert into Clientes (ide_cli,rut_cli,nom_cli,ape_cli,dir_cli,tel_cli,ide_com) values (41,'10840216-4','VICTOR','GONGORA','Calle Nueva 195','436349619',42);
insert into Clientes (ide_cli,rut_cli,nom_cli,ape_cli,dir_cli,tel_cli,ide_com) values (42,'7132666-7','SERGIO','PARRA','Calle Nueva 196','528491188',260);
insert into Clientes (ide_cli,rut_cli,nom_cli,ape_cli,dir_cli,tel_cli,ide_com) values (43,'12546795-4','RUTH','MACARTHUR','Calle Nueva 197','889245365',67);
insert into Clientes (ide_cli,rut_cli,nom_cli,ape_cli,dir_cli,tel_cli,ide_com) values (44,'13403182-4','VICTORIA','ABARCA','Calle Nueva 198','15645080',59);
insert into Clientes (ide_cli,rut_cli,nom_cli,ape_cli,dir_cli,tel_cli,ide_com) values (45,'20221323-5','ESDRAS','URBINA','Calle Nueva 199','415808765',122);
insert into Clientes (ide_cli,rut_cli,nom_cli,ape_cli,dir_cli,tel_cli,ide_com) values (46,'18063238-7','EDUARDO','ARANGUIZ','Calle Nueva 200','324575879',185);
insert into Clientes (ide_cli,rut_cli,nom_cli,ape_cli,dir_cli,tel_cli,ide_com) values (47,'19758626-5','BRYAN','TRONCOSO','Calle Nueva 201','645961869',67);
insert into Clientes (ide_cli,rut_cli,nom_cli,ape_cli,dir_cli,tel_cli,ide_com) values (48,'17686897-k','ILMA','KELLER','Calle Nueva 202','963143197',258);
insert into Clientes (ide_cli,rut_cli,nom_cli,ape_cli,dir_cli,tel_cli,ide_com) values (49,'18494453-7','EMA','OROZ','Calle Nueva 203','227407774',106);
insert into Clientes (ide_cli,rut_cli,nom_cli,ape_cli,dir_cli,tel_cli,ide_com) values (50,'18018436-8','FRANCISCO','AHUMADA','Calle Nueva 204','618302188',141);


-- 50 productos

insert into productos (ide_prd,nom_prd,pre_prd,ide_mar,ide_sub ) values (1,'Ajo',6339,4,14);
insert into productos (ide_prd,nom_prd,pre_prd,ide_mar,ide_sub ) values (2,'Brocoli',5606,4,14);
insert into productos (ide_prd,nom_prd,pre_prd,ide_mar,ide_sub ) values (3,'Cebolla',1261,11,3);
insert into productos (ide_prd,nom_prd,pre_prd,ide_mar,ide_sub ) values (4,'Lechuga',5759,5,18);
insert into productos (ide_prd,nom_prd,pre_prd,ide_mar,ide_sub ) values (5,'Papas',8508,9,7);
insert into productos (ide_prd,nom_prd,pre_prd,ide_mar,ide_sub ) values (6,'Pepino',1006,10,5);
insert into productos (ide_prd,nom_prd,pre_prd,ide_mar,ide_sub ) values (7,'Pimientos',11812,5,13);
insert into productos (ide_prd,nom_prd,pre_prd,ide_mar,ide_sub ) values (8,'Repollo',6002,11,6);
insert into productos (ide_prd,nom_prd,pre_prd,ide_mar,ide_sub ) values (9,'Tomates',425,7,13);
insert into productos (ide_prd,nom_prd,pre_prd,ide_mar,ide_sub ) values (10,'Zanahoria',5146,11,16);
insert into productos (ide_prd,nom_prd,pre_prd,ide_mar,ide_sub ) values (11,'Banana',1452,9,16);
insert into productos (ide_prd,nom_prd,pre_prd,ide_mar,ide_sub ) values (12,'Limon',7966,10,14);
insert into productos (ide_prd,nom_prd,pre_prd,ide_mar,ide_sub ) values (13,'Manzana',12327,7,8);
insert into productos (ide_prd,nom_prd,pre_prd,ide_mar,ide_sub ) values (14,'Melon',1299,5,15);
insert into productos (ide_prd,nom_prd,pre_prd,ide_mar,ide_sub ) values (15,'Naranja',3082,8,7);
insert into productos (ide_prd,nom_prd,pre_prd,ide_mar,ide_sub ) values (16,'Papaya',8678,10,23);
insert into productos (ide_prd,nom_prd,pre_prd,ide_mar,ide_sub ) values (17,'Pera',8962,11,9);
insert into productos (ide_prd,nom_prd,pre_prd,ide_mar,ide_sub ) values (18,'Piña',9045,3,3);
insert into productos (ide_prd,nom_prd,pre_prd,ide_mar,ide_sub ) values (19,'Sandia',5470,1,11);
insert into productos (ide_prd,nom_prd,pre_prd,ide_mar,ide_sub ) values (20,'Embutidos',3719,8,3);
insert into productos (ide_prd,nom_prd,pre_prd,ide_mar,ide_sub ) values (21,'Pescado',8114,10,1);
insert into productos (ide_prd,nom_prd,pre_prd,ide_mar,ide_sub ) values (22,'Pollo',3535,9,3);
insert into productos (ide_prd,nom_prd,pre_prd,ide_mar,ide_sub ) values (23,'Puerco',3400,5,13);
insert into productos (ide_prd,nom_prd,pre_prd,ide_mar,ide_sub ) values (24,'Arroz',3035,2,22);
insert into productos (ide_prd,nom_prd,pre_prd,ide_mar,ide_sub ) values (25,'Azucar',12543,7,5);
insert into productos (ide_prd,nom_prd,pre_prd,ide_mar,ide_sub ) values (26,'Cereal',7532,7,22);
insert into productos (ide_prd,nom_prd,pre_prd,ide_mar,ide_sub ) values (27,'Galletas',9227,3,15);
insert into productos (ide_prd,nom_prd,pre_prd,ide_mar,ide_sub ) values (28,'Pan',7300,12,1);
insert into productos (ide_prd,nom_prd,pre_prd,ide_mar,ide_sub ) values (29,'Nueces',12681,2,4);
insert into productos (ide_prd,nom_prd,pre_prd,ide_mar,ide_sub ) values (30,'Harina',707,2,22);
insert into productos (ide_prd,nom_prd,pre_prd,ide_mar,ide_sub ) values (31,'Leche',4332,3,14);
insert into productos (ide_prd,nom_prd,pre_prd,ide_mar,ide_sub ) values (32,'Queso',11251,9,23);
insert into productos (ide_prd,nom_prd,pre_prd,ide_mar,ide_sub ) values (33,'Mantequilla',10477,4,8);
insert into productos (ide_prd,nom_prd,pre_prd,ide_mar,ide_sub ) values (34,'Garbanzos',3716,8,7);
insert into productos (ide_prd,nom_prd,pre_prd,ide_mar,ide_sub ) values (35,'Lenteja',10,9,21);
insert into productos (ide_prd,nom_prd,pre_prd,ide_mar,ide_sub ) values (36,'Aceite',3171,8,7);
insert into productos (ide_prd,nom_prd,pre_prd,ide_mar,ide_sub ) values (37,'Ketchup',9308,12,11);
insert into productos (ide_prd,nom_prd,pre_prd,ide_mar,ide_sub ) values (38,'Vinagre',11857,6,14);
insert into productos (ide_prd,nom_prd,pre_prd,ide_mar,ide_sub ) values (39,'Agua',7993,1,1);
insert into productos (ide_prd,nom_prd,pre_prd,ide_mar,ide_sub ) values (40,'Cerveza',11307,7,17);
insert into productos (ide_prd,nom_prd,pre_prd,ide_mar,ide_sub ) values (41,'Te',2935,10,24);
insert into productos (ide_prd,nom_prd,pre_prd,ide_mar,ide_sub ) values (42,'Sal',7450,3,19);
insert into productos (ide_prd,nom_prd,pre_prd,ide_mar,ide_sub ) values (43,'Comino',3840,12,20);
insert into productos (ide_prd,nom_prd,pre_prd,ide_mar,ide_sub ) values (44,'Sazonador',657,9,5);
insert into productos (ide_prd,nom_prd,pre_prd,ide_mar,ide_sub ) values (45,'Blaqueador',10884,1,8);
insert into productos (ide_prd,nom_prd,pre_prd,ide_mar,ide_sub ) values (46,'Detergente',6167,8,24);
insert into productos (ide_prd,nom_prd,pre_prd,ide_mar,ide_sub ) values (47,'Esponja',12567,10,4);
insert into productos (ide_prd,nom_prd,pre_prd,ide_mar,ide_sub ) values (48,'Jabon',1271,3,3);
insert into productos (ide_prd,nom_prd,pre_prd,ide_mar,ide_sub ) values (49,'Pañitos',1125,2,13);
insert into productos (ide_prd,nom_prd,pre_prd,ide_mar,ide_sub ) values (50,'Toallas',12005,10,16);


-- 50 ventas
insert into ventas (ide_vta,fch_vta,tot_vta,ide_cli ) values (100,'2020/03/14',0,44);
insert into ventas (ide_vta,fch_vta,tot_vta,ide_cli ) values (101,'2020/04/09',0,1);
insert into ventas (ide_vta,fch_vta,tot_vta,ide_cli ) values (102,'2020/02/18',0,20);
insert into ventas (ide_vta,fch_vta,tot_vta,ide_cli ) values (103,'2020/04/13',0,10);
insert into ventas (ide_vta,fch_vta,tot_vta,ide_cli ) values (104,'2020/04/04',0,2);
insert into ventas (ide_vta,fch_vta,tot_vta,ide_cli ) values (105,'2020/01/24',0,39);
insert into ventas (ide_vta,fch_vta,tot_vta,ide_cli ) values (106,'2020/01/12',0,45);
insert into ventas (ide_vta,fch_vta,tot_vta,ide_cli ) values (107,'2020/01/08',0,15);
insert into ventas (ide_vta,fch_vta,tot_vta,ide_cli ) values (108,'2020/02/11',0,20);
insert into ventas (ide_vta,fch_vta,tot_vta,ide_cli ) values (109,'2020/01/04',0,44);
insert into ventas (ide_vta,fch_vta,tot_vta,ide_cli ) values (110,'2020/01/17',0,7);
insert into ventas (ide_vta,fch_vta,tot_vta,ide_cli ) values (111,'2020/01/28',0,5);
insert into ventas (ide_vta,fch_vta,tot_vta,ide_cli ) values (112,'2020/01/10',0,30);
insert into ventas (ide_vta,fch_vta,tot_vta,ide_cli ) values (113,'2020/03/11',0,39);
insert into ventas (ide_vta,fch_vta,tot_vta,ide_cli ) values (114,'2020/02/15',0,31);
insert into ventas (ide_vta,fch_vta,tot_vta,ide_cli ) values (115,'2020/04/15',0,27);
insert into ventas (ide_vta,fch_vta,tot_vta,ide_cli ) values (116,'2020/01/15',0,50);
insert into ventas (ide_vta,fch_vta,tot_vta,ide_cli ) values (117,'2020/01/20',0,9);
insert into ventas (ide_vta,fch_vta,tot_vta,ide_cli ) values (118,'2020/01/23',0,19);
insert into ventas (ide_vta,fch_vta,tot_vta,ide_cli ) values (119,'2020/02/22',0,37);
insert into ventas (ide_vta,fch_vta,tot_vta,ide_cli ) values (120,'2020/04/03',0,6);
insert into ventas (ide_vta,fch_vta,tot_vta,ide_cli ) values (121,'2020/02/19',0,24);
insert into ventas (ide_vta,fch_vta,tot_vta,ide_cli ) values (122,'2020/04/20',0,46);
insert into ventas (ide_vta,fch_vta,tot_vta,ide_cli ) values (123,'2020/04/21',0,9);
insert into ventas (ide_vta,fch_vta,tot_vta,ide_cli ) values (124,'2020/01/02',0,43);
insert into ventas (ide_vta,fch_vta,tot_vta,ide_cli ) values (125,'2020/03/15',0,30);
insert into ventas (ide_vta,fch_vta,tot_vta,ide_cli ) values (126,'2020/04/20',0,48);
insert into ventas (ide_vta,fch_vta,tot_vta,ide_cli ) values (127,'2020/04/01',0,37);
insert into ventas (ide_vta,fch_vta,tot_vta,ide_cli ) values (128,'2020/04/30',0,10);
insert into ventas (ide_vta,fch_vta,tot_vta,ide_cli ) values (129,'2020/04/16',0,14);
insert into ventas (ide_vta,fch_vta,tot_vta,ide_cli ) values (130,'2020/01/26',0,7);
insert into ventas (ide_vta,fch_vta,tot_vta,ide_cli ) values (131,'2020/02/06',0,4);
insert into ventas (ide_vta,fch_vta,tot_vta,ide_cli ) values (132,'2020/03/17',0,38);
insert into ventas (ide_vta,fch_vta,tot_vta,ide_cli ) values (133,'2020/01/28',0,12);
insert into ventas (ide_vta,fch_vta,tot_vta,ide_cli ) values (134,'2020/03/31',0,24);
insert into ventas (ide_vta,fch_vta,tot_vta,ide_cli ) values (135,'2020/01/02',0,31);
insert into ventas (ide_vta,fch_vta,tot_vta,ide_cli ) values (136,'2020/01/09',0,25);
insert into ventas (ide_vta,fch_vta,tot_vta,ide_cli ) values (137,'2020/03/08',0,50);
insert into ventas (ide_vta,fch_vta,tot_vta,ide_cli ) values (138,'2020/04/19',0,25);
insert into ventas (ide_vta,fch_vta,tot_vta,ide_cli ) values (139,'2020/03/08',0,32);
insert into ventas (ide_vta,fch_vta,tot_vta,ide_cli ) values (140,'2020/03/24',0,36);
insert into ventas (ide_vta,fch_vta,tot_vta,ide_cli ) values (141,'2020/04/02',0,37);
insert into ventas (ide_vta,fch_vta,tot_vta,ide_cli ) values (142,'2020/03/30',0,23);
insert into ventas (ide_vta,fch_vta,tot_vta,ide_cli ) values (143,'2020/01/30',0,19);
insert into ventas (ide_vta,fch_vta,tot_vta,ide_cli ) values (144,'2020/03/15',0,1);
insert into ventas (ide_vta,fch_vta,tot_vta,ide_cli ) values (145,'2020/01/08',0,22);
insert into ventas (ide_vta,fch_vta,tot_vta,ide_cli ) values (146,'2020/02/28',0,29);
insert into ventas (ide_vta,fch_vta,tot_vta,ide_cli ) values (147,'2020/01/08',0,8);
insert into ventas (ide_vta,fch_vta,tot_vta,ide_cli ) values (148,'2020/02/28',0,44);
insert into ventas (ide_vta,fch_vta,tot_vta,ide_cli ) values (149,'2020/01/08',0,16);
insert into ventas (ide_vta,fch_vta,tot_vta,ide_cli ) values (150,'2020/02/28',0,3);


-- 146 detalle_ventas

insert into detalle_ventas (ide_det_vta,ctd_det_vta,pre_det_vta,tot_det_vta,ide_prd,ide_vta) values (500,3,57985,173955,8,110);
insert into detalle_ventas (ide_det_vta,ctd_det_vta,pre_det_vta,tot_det_vta,ide_prd,ide_vta) values (501,4,60798,243192,31,107);
insert into detalle_ventas (ide_det_vta,ctd_det_vta,pre_det_vta,tot_det_vta,ide_prd,ide_vta) values (502,2,68364,136728,38,114);
insert into detalle_ventas (ide_det_vta,ctd_det_vta,pre_det_vta,tot_det_vta,ide_prd,ide_vta) values (503,2,40743,81486,50,134);
insert into detalle_ventas (ide_det_vta,ctd_det_vta,pre_det_vta,tot_det_vta,ide_prd,ide_vta) values (504,2,89061,178122,48,116);
insert into detalle_ventas (ide_det_vta,ctd_det_vta,pre_det_vta,tot_det_vta,ide_prd,ide_vta) values (505,6,558,3348,32,111);
insert into detalle_ventas (ide_det_vta,ctd_det_vta,pre_det_vta,tot_det_vta,ide_prd,ide_vta) values (506,6,57330,343980,47,106);
insert into detalle_ventas (ide_det_vta,ctd_det_vta,pre_det_vta,tot_det_vta,ide_prd,ide_vta) values (507,5,45046,225230,19,110);
insert into detalle_ventas (ide_det_vta,ctd_det_vta,pre_det_vta,tot_det_vta,ide_prd,ide_vta) values (508,5,854,4270,8,113);
insert into detalle_ventas (ide_det_vta,ctd_det_vta,pre_det_vta,tot_det_vta,ide_prd,ide_vta) values (509,4,2938,11752,1,130);
insert into detalle_ventas (ide_det_vta,ctd_det_vta,pre_det_vta,tot_det_vta,ide_prd,ide_vta) values (510,6,31852,191112,46,137);
insert into detalle_ventas (ide_det_vta,ctd_det_vta,pre_det_vta,tot_det_vta,ide_prd,ide_vta) values (511,6,28947,173682,9,150);
insert into detalle_ventas (ide_det_vta,ctd_det_vta,pre_det_vta,tot_det_vta,ide_prd,ide_vta) values (512,6,68197,409182,7,108);
insert into detalle_ventas (ide_det_vta,ctd_det_vta,pre_det_vta,tot_det_vta,ide_prd,ide_vta) values (513,6,42938,257628,20,104);
insert into detalle_ventas (ide_det_vta,ctd_det_vta,pre_det_vta,tot_det_vta,ide_prd,ide_vta) values (514,5,20979,104895,12,130);
insert into detalle_ventas (ide_det_vta,ctd_det_vta,pre_det_vta,tot_det_vta,ide_prd,ide_vta) values (515,5,44524,222620,5,121);
insert into detalle_ventas (ide_det_vta,ctd_det_vta,pre_det_vta,tot_det_vta,ide_prd,ide_vta) values (516,2,2249,4498,15,133);
insert into detalle_ventas (ide_det_vta,ctd_det_vta,pre_det_vta,tot_det_vta,ide_prd,ide_vta) values (517,1,44809,44809,25,116);
insert into detalle_ventas (ide_det_vta,ctd_det_vta,pre_det_vta,tot_det_vta,ide_prd,ide_vta) values (518,1,12900,12900,27,142);
insert into detalle_ventas (ide_det_vta,ctd_det_vta,pre_det_vta,tot_det_vta,ide_prd,ide_vta) values (519,6,4477,26862,12,140);
insert into detalle_ventas (ide_det_vta,ctd_det_vta,pre_det_vta,tot_det_vta,ide_prd,ide_vta) values (520,3,87867,263601,3,139);
insert into detalle_ventas (ide_det_vta,ctd_det_vta,pre_det_vta,tot_det_vta,ide_prd,ide_vta) values (521,1,34094,34094,32,147);
insert into detalle_ventas (ide_det_vta,ctd_det_vta,pre_det_vta,tot_det_vta,ide_prd,ide_vta) values (522,4,86884,347536,48,137);
insert into detalle_ventas (ide_det_vta,ctd_det_vta,pre_det_vta,tot_det_vta,ide_prd,ide_vta) values (523,1,38141,38141,36,141);
insert into detalle_ventas (ide_det_vta,ctd_det_vta,pre_det_vta,tot_det_vta,ide_prd,ide_vta) values (524,5,81273,406365,46,134);
insert into detalle_ventas (ide_det_vta,ctd_det_vta,pre_det_vta,tot_det_vta,ide_prd,ide_vta) values (525,4,13175,52700,25,106);
insert into detalle_ventas (ide_det_vta,ctd_det_vta,pre_det_vta,tot_det_vta,ide_prd,ide_vta) values (526,5,1833,9165,37,116);
insert into detalle_ventas (ide_det_vta,ctd_det_vta,pre_det_vta,tot_det_vta,ide_prd,ide_vta) values (527,4,58951,235804,14,147);
insert into detalle_ventas (ide_det_vta,ctd_det_vta,pre_det_vta,tot_det_vta,ide_prd,ide_vta) values (528,6,80114,480684,10,107);
insert into detalle_ventas (ide_det_vta,ctd_det_vta,pre_det_vta,tot_det_vta,ide_prd,ide_vta) values (529,6,16357,98142,20,131);
insert into detalle_ventas (ide_det_vta,ctd_det_vta,pre_det_vta,tot_det_vta,ide_prd,ide_vta) values (530,5,53164,265820,43,107);
insert into detalle_ventas (ide_det_vta,ctd_det_vta,pre_det_vta,tot_det_vta,ide_prd,ide_vta) values (531,5,16818,84090,18,101);
insert into detalle_ventas (ide_det_vta,ctd_det_vta,pre_det_vta,tot_det_vta,ide_prd,ide_vta) values (532,6,25676,154056,29,128);
insert into detalle_ventas (ide_det_vta,ctd_det_vta,pre_det_vta,tot_det_vta,ide_prd,ide_vta) values (533,5,40922,204610,46,110);
insert into detalle_ventas (ide_det_vta,ctd_det_vta,pre_det_vta,tot_det_vta,ide_prd,ide_vta) values (534,4,41410,165640,20,117);
insert into detalle_ventas (ide_det_vta,ctd_det_vta,pre_det_vta,tot_det_vta,ide_prd,ide_vta) values (535,2,992,1984,15,101);
insert into detalle_ventas (ide_det_vta,ctd_det_vta,pre_det_vta,tot_det_vta,ide_prd,ide_vta) values (536,4,19104,76416,33,106);
insert into detalle_ventas (ide_det_vta,ctd_det_vta,pre_det_vta,tot_det_vta,ide_prd,ide_vta) values (537,2,33316,66632,30,145);
insert into detalle_ventas (ide_det_vta,ctd_det_vta,pre_det_vta,tot_det_vta,ide_prd,ide_vta) values (538,5,41278,206390,32,147);
insert into detalle_ventas (ide_det_vta,ctd_det_vta,pre_det_vta,tot_det_vta,ide_prd,ide_vta) values (539,2,16363,32726,3,101);
insert into detalle_ventas (ide_det_vta,ctd_det_vta,pre_det_vta,tot_det_vta,ide_prd,ide_vta) values (540,4,46406,185624,7,126);
insert into detalle_ventas (ide_det_vta,ctd_det_vta,pre_det_vta,tot_det_vta,ide_prd,ide_vta) values (541,4,18030,72120,39,124);
insert into detalle_ventas (ide_det_vta,ctd_det_vta,pre_det_vta,tot_det_vta,ide_prd,ide_vta) values (542,6,24518,147108,25,103);
insert into detalle_ventas (ide_det_vta,ctd_det_vta,pre_det_vta,tot_det_vta,ide_prd,ide_vta) values (543,4,21483,85932,34,125);
insert into detalle_ventas (ide_det_vta,ctd_det_vta,pre_det_vta,tot_det_vta,ide_prd,ide_vta) values (544,6,45032,270192,50,144);
insert into detalle_ventas (ide_det_vta,ctd_det_vta,pre_det_vta,tot_det_vta,ide_prd,ide_vta) values (545,2,74212,148424,13,135);
insert into detalle_ventas (ide_det_vta,ctd_det_vta,pre_det_vta,tot_det_vta,ide_prd,ide_vta) values (546,3,55083,165249,39,106);
insert into detalle_ventas (ide_det_vta,ctd_det_vta,pre_det_vta,tot_det_vta,ide_prd,ide_vta) values (547,2,12437,24874,44,118);
insert into detalle_ventas (ide_det_vta,ctd_det_vta,pre_det_vta,tot_det_vta,ide_prd,ide_vta) values (548,6,26623,159738,32,134);
insert into detalle_ventas (ide_det_vta,ctd_det_vta,pre_det_vta,tot_det_vta,ide_prd,ide_vta) values (549,5,6974,34870,18,111);
insert into detalle_ventas (ide_det_vta,ctd_det_vta,pre_det_vta,tot_det_vta,ide_prd,ide_vta) values (550,3,12469,37407,45,113);
insert into detalle_ventas (ide_det_vta,ctd_det_vta,pre_det_vta,tot_det_vta,ide_prd,ide_vta) values (551,6,57325,343950,23,143);
insert into detalle_ventas (ide_det_vta,ctd_det_vta,pre_det_vta,tot_det_vta,ide_prd,ide_vta) values (552,4,56042,224168,31,141);
insert into detalle_ventas (ide_det_vta,ctd_det_vta,pre_det_vta,tot_det_vta,ide_prd,ide_vta) values (553,1,73464,73464,17,116);
insert into detalle_ventas (ide_det_vta,ctd_det_vta,pre_det_vta,tot_det_vta,ide_prd,ide_vta) values (554,5,86514,432570,33,106);
insert into detalle_ventas (ide_det_vta,ctd_det_vta,pre_det_vta,tot_det_vta,ide_prd,ide_vta) values (555,2,67714,135428,45,147);
insert into detalle_ventas (ide_det_vta,ctd_det_vta,pre_det_vta,tot_det_vta,ide_prd,ide_vta) values (556,6,64125,384750,21,122);
insert into detalle_ventas (ide_det_vta,ctd_det_vta,pre_det_vta,tot_det_vta,ide_prd,ide_vta) values (557,6,89046,534276,45,141);
insert into detalle_ventas (ide_det_vta,ctd_det_vta,pre_det_vta,tot_det_vta,ide_prd,ide_vta) values (558,1,79495,79495,25,107);
insert into detalle_ventas (ide_det_vta,ctd_det_vta,pre_det_vta,tot_det_vta,ide_prd,ide_vta) values (559,4,67053,268212,41,137);
insert into detalle_ventas (ide_det_vta,ctd_det_vta,pre_det_vta,tot_det_vta,ide_prd,ide_vta) values (560,1,55975,55975,12,121);
insert into detalle_ventas (ide_det_vta,ctd_det_vta,pre_det_vta,tot_det_vta,ide_prd,ide_vta) values (561,4,38664,154656,12,113);
insert into detalle_ventas (ide_det_vta,ctd_det_vta,pre_det_vta,tot_det_vta,ide_prd,ide_vta) values (562,4,85825,343300,49,136);
insert into detalle_ventas (ide_det_vta,ctd_det_vta,pre_det_vta,tot_det_vta,ide_prd,ide_vta) values (563,4,35890,143560,41,101);
insert into detalle_ventas (ide_det_vta,ctd_det_vta,pre_det_vta,tot_det_vta,ide_prd,ide_vta) values (564,4,9096,36384,2,113);
insert into detalle_ventas (ide_det_vta,ctd_det_vta,pre_det_vta,tot_det_vta,ide_prd,ide_vta) values (565,6,60547,363282,18,105);
insert into detalle_ventas (ide_det_vta,ctd_det_vta,pre_det_vta,tot_det_vta,ide_prd,ide_vta) values (566,4,11492,45968,29,126);
insert into detalle_ventas (ide_det_vta,ctd_det_vta,pre_det_vta,tot_det_vta,ide_prd,ide_vta) values (567,6,19090,114540,12,120);
insert into detalle_ventas (ide_det_vta,ctd_det_vta,pre_det_vta,tot_det_vta,ide_prd,ide_vta) values (568,2,45159,90318,50,100);
insert into detalle_ventas (ide_det_vta,ctd_det_vta,pre_det_vta,tot_det_vta,ide_prd,ide_vta) values (569,3,45393,136179,22,126);
insert into detalle_ventas (ide_det_vta,ctd_det_vta,pre_det_vta,tot_det_vta,ide_prd,ide_vta) values (570,5,71651,358255,16,145);
insert into detalle_ventas (ide_det_vta,ctd_det_vta,pre_det_vta,tot_det_vta,ide_prd,ide_vta) values (571,4,48668,194672,42,135);
insert into detalle_ventas (ide_det_vta,ctd_det_vta,pre_det_vta,tot_det_vta,ide_prd,ide_vta) values (572,6,71015,426090,37,129);
insert into detalle_ventas (ide_det_vta,ctd_det_vta,pre_det_vta,tot_det_vta,ide_prd,ide_vta) values (573,4,20068,80272,12,123);
insert into detalle_ventas (ide_det_vta,ctd_det_vta,pre_det_vta,tot_det_vta,ide_prd,ide_vta) values (574,6,86862,521172,21,108);
insert into detalle_ventas (ide_det_vta,ctd_det_vta,pre_det_vta,tot_det_vta,ide_prd,ide_vta) values (575,6,38639,231834,36,144);
insert into detalle_ventas (ide_det_vta,ctd_det_vta,pre_det_vta,tot_det_vta,ide_prd,ide_vta) values (576,5,18495,92475,19,123);
insert into detalle_ventas (ide_det_vta,ctd_det_vta,pre_det_vta,tot_det_vta,ide_prd,ide_vta) values (577,3,65519,196557,41,102);
insert into detalle_ventas (ide_det_vta,ctd_det_vta,pre_det_vta,tot_det_vta,ide_prd,ide_vta) values (578,6,69918,419508,11,124);
insert into detalle_ventas (ide_det_vta,ctd_det_vta,pre_det_vta,tot_det_vta,ide_prd,ide_vta) values (579,1,8680,8680,25,142);
insert into detalle_ventas (ide_det_vta,ctd_det_vta,pre_det_vta,tot_det_vta,ide_prd,ide_vta) values (580,5,59109,295545,4,134);
insert into detalle_ventas (ide_det_vta,ctd_det_vta,pre_det_vta,tot_det_vta,ide_prd,ide_vta) values (581,2,28092,56184,38,145);
insert into detalle_ventas (ide_det_vta,ctd_det_vta,pre_det_vta,tot_det_vta,ide_prd,ide_vta) values (582,6,45721,274326,47,145);
insert into detalle_ventas (ide_det_vta,ctd_det_vta,pre_det_vta,tot_det_vta,ide_prd,ide_vta) values (583,2,3028,6056,16,137);
insert into detalle_ventas (ide_det_vta,ctd_det_vta,pre_det_vta,tot_det_vta,ide_prd,ide_vta) values (584,4,31441,125764,27,106);
insert into detalle_ventas (ide_det_vta,ctd_det_vta,pre_det_vta,tot_det_vta,ide_prd,ide_vta) values (585,4,11432,45728,31,115);
insert into detalle_ventas (ide_det_vta,ctd_det_vta,pre_det_vta,tot_det_vta,ide_prd,ide_vta) values (586,6,74472,446832,14,106);
insert into detalle_ventas (ide_det_vta,ctd_det_vta,pre_det_vta,tot_det_vta,ide_prd,ide_vta) values (587,1,88506,88506,4,134);
insert into detalle_ventas (ide_det_vta,ctd_det_vta,pre_det_vta,tot_det_vta,ide_prd,ide_vta) values (588,1,12618,12618,35,119);
insert into detalle_ventas (ide_det_vta,ctd_det_vta,pre_det_vta,tot_det_vta,ide_prd,ide_vta) values (589,6,19939,119634,25,109);
insert into detalle_ventas (ide_det_vta,ctd_det_vta,pre_det_vta,tot_det_vta,ide_prd,ide_vta) values (590,4,71667,286668,7,123);
insert into detalle_ventas (ide_det_vta,ctd_det_vta,pre_det_vta,tot_det_vta,ide_prd,ide_vta) values (591,6,61388,368328,43,143);
insert into detalle_ventas (ide_det_vta,ctd_det_vta,pre_det_vta,tot_det_vta,ide_prd,ide_vta) values (592,4,15450,61800,30,103);
insert into detalle_ventas (ide_det_vta,ctd_det_vta,pre_det_vta,tot_det_vta,ide_prd,ide_vta) values (593,2,13619,27238,37,115);
insert into detalle_ventas (ide_det_vta,ctd_det_vta,pre_det_vta,tot_det_vta,ide_prd,ide_vta) values (594,5,2988,14940,12,144);
insert into detalle_ventas (ide_det_vta,ctd_det_vta,pre_det_vta,tot_det_vta,ide_prd,ide_vta) values (595,3,9082,27246,31,144);
insert into detalle_ventas (ide_det_vta,ctd_det_vta,pre_det_vta,tot_det_vta,ide_prd,ide_vta) values (596,1,34430,34430,42,118);
insert into detalle_ventas (ide_det_vta,ctd_det_vta,pre_det_vta,tot_det_vta,ide_prd,ide_vta) values (597,1,8613,8613,21,138);
insert into detalle_ventas (ide_det_vta,ctd_det_vta,pre_det_vta,tot_det_vta,ide_prd,ide_vta) values (598,4,83125,332500,23,134);
insert into detalle_ventas (ide_det_vta,ctd_det_vta,pre_det_vta,tot_det_vta,ide_prd,ide_vta) values (599,5,28846,144230,9,104);
insert into detalle_ventas (ide_det_vta,ctd_det_vta,pre_det_vta,tot_det_vta,ide_prd,ide_vta) values (600,2,41992,83984,28,129);
insert into detalle_ventas (ide_det_vta,ctd_det_vta,pre_det_vta,tot_det_vta,ide_prd,ide_vta) values (601,4,17590,70360,47,136);
insert into detalle_ventas (ide_det_vta,ctd_det_vta,pre_det_vta,tot_det_vta,ide_prd,ide_vta) values (602,1,9471,9471,21,120);
insert into detalle_ventas (ide_det_vta,ctd_det_vta,pre_det_vta,tot_det_vta,ide_prd,ide_vta) values (603,1,56874,56874,3,149);
insert into detalle_ventas (ide_det_vta,ctd_det_vta,pre_det_vta,tot_det_vta,ide_prd,ide_vta) values (604,3,76091,228273,27,103);
insert into detalle_ventas (ide_det_vta,ctd_det_vta,pre_det_vta,tot_det_vta,ide_prd,ide_vta) values (605,3,75800,227400,18,129);
insert into detalle_ventas (ide_det_vta,ctd_det_vta,pre_det_vta,tot_det_vta,ide_prd,ide_vta) values (606,3,77489,232467,44,115);
insert into detalle_ventas (ide_det_vta,ctd_det_vta,pre_det_vta,tot_det_vta,ide_prd,ide_vta) values (607,4,59689,238756,12,126);
insert into detalle_ventas (ide_det_vta,ctd_det_vta,pre_det_vta,tot_det_vta,ide_prd,ide_vta) values (608,4,20507,82028,7,129);
insert into detalle_ventas (ide_det_vta,ctd_det_vta,pre_det_vta,tot_det_vta,ide_prd,ide_vta) values (609,6,9017,54102,29,119);
insert into detalle_ventas (ide_det_vta,ctd_det_vta,pre_det_vta,tot_det_vta,ide_prd,ide_vta) values (610,2,8588,17176,42,141);
insert into detalle_ventas (ide_det_vta,ctd_det_vta,pre_det_vta,tot_det_vta,ide_prd,ide_vta) values (611,6,45957,275742,24,115);
insert into detalle_ventas (ide_det_vta,ctd_det_vta,pre_det_vta,tot_det_vta,ide_prd,ide_vta) values (612,3,42740,128220,41,122);
insert into detalle_ventas (ide_det_vta,ctd_det_vta,pre_det_vta,tot_det_vta,ide_prd,ide_vta) values (613,5,14812,74060,47,143);
insert into detalle_ventas (ide_det_vta,ctd_det_vta,pre_det_vta,tot_det_vta,ide_prd,ide_vta) values (614,5,1197,5985,50,109);
insert into detalle_ventas (ide_det_vta,ctd_det_vta,pre_det_vta,tot_det_vta,ide_prd,ide_vta) values (615,4,77879,311516,19,138);
insert into detalle_ventas (ide_det_vta,ctd_det_vta,pre_det_vta,tot_det_vta,ide_prd,ide_vta) values (616,4,22794,91176,22,106);
insert into detalle_ventas (ide_det_vta,ctd_det_vta,pre_det_vta,tot_det_vta,ide_prd,ide_vta) values (617,4,64983,259932,17,138);
insert into detalle_ventas (ide_det_vta,ctd_det_vta,pre_det_vta,tot_det_vta,ide_prd,ide_vta) values (618,2,6594,13188,32,104);
insert into detalle_ventas (ide_det_vta,ctd_det_vta,pre_det_vta,tot_det_vta,ide_prd,ide_vta) values (619,4,9886,39544,19,141);
insert into detalle_ventas (ide_det_vta,ctd_det_vta,pre_det_vta,tot_det_vta,ide_prd,ide_vta) values (620,6,36114,216684,10,126);
insert into detalle_ventas (ide_det_vta,ctd_det_vta,pre_det_vta,tot_det_vta,ide_prd,ide_vta) values (621,1,3384,3384,50,133);
insert into detalle_ventas (ide_det_vta,ctd_det_vta,pre_det_vta,tot_det_vta,ide_prd,ide_vta) values (622,1,27804,27804,43,132);
insert into detalle_ventas (ide_det_vta,ctd_det_vta,pre_det_vta,tot_det_vta,ide_prd,ide_vta) values (623,6,68584,411504,33,113);
insert into detalle_ventas (ide_det_vta,ctd_det_vta,pre_det_vta,tot_det_vta,ide_prd,ide_vta) values (624,2,82710,165420,20,107);
insert into detalle_ventas (ide_det_vta,ctd_det_vta,pre_det_vta,tot_det_vta,ide_prd,ide_vta) values (625,1,39155,39155,28,119);
insert into detalle_ventas (ide_det_vta,ctd_det_vta,pre_det_vta,tot_det_vta,ide_prd,ide_vta) values (626,3,33065,99195,38,139);
insert into detalle_ventas (ide_det_vta,ctd_det_vta,pre_det_vta,tot_det_vta,ide_prd,ide_vta) values (627,1,30775,30775,46,106);
insert into detalle_ventas (ide_det_vta,ctd_det_vta,pre_det_vta,tot_det_vta,ide_prd,ide_vta) values (628,3,50261,150783,17,131);
insert into detalle_ventas (ide_det_vta,ctd_det_vta,pre_det_vta,tot_det_vta,ide_prd,ide_vta) values (629,4,8233,32932,22,134);
insert into detalle_ventas (ide_det_vta,ctd_det_vta,pre_det_vta,tot_det_vta,ide_prd,ide_vta) values (630,1,81382,81382,15,119);
insert into detalle_ventas (ide_det_vta,ctd_det_vta,pre_det_vta,tot_det_vta,ide_prd,ide_vta) values (631,2,79690,159380,5,126);
insert into detalle_ventas (ide_det_vta,ctd_det_vta,pre_det_vta,tot_det_vta,ide_prd,ide_vta) values (632,1,7368,7368,35,114);
insert into detalle_ventas (ide_det_vta,ctd_det_vta,pre_det_vta,tot_det_vta,ide_prd,ide_vta) values (633,2,86296,172592,50,140);
insert into detalle_ventas (ide_det_vta,ctd_det_vta,pre_det_vta,tot_det_vta,ide_prd,ide_vta) values (634,2,48871,97742,40,148);
insert into detalle_ventas (ide_det_vta,ctd_det_vta,pre_det_vta,tot_det_vta,ide_prd,ide_vta) values (635,1,34149,34149,1,115);
insert into detalle_ventas (ide_det_vta,ctd_det_vta,pre_det_vta,tot_det_vta,ide_prd,ide_vta) values (636,1,39415,39415,25,140);
insert into detalle_ventas (ide_det_vta,ctd_det_vta,pre_det_vta,tot_det_vta,ide_prd,ide_vta) values (637,6,67987,407922,20,109);
insert into detalle_ventas (ide_det_vta,ctd_det_vta,pre_det_vta,tot_det_vta,ide_prd,ide_vta) values (638,5,31011,155055,29,138);
insert into detalle_ventas (ide_det_vta,ctd_det_vta,pre_det_vta,tot_det_vta,ide_prd,ide_vta) values (639,1,17129,17129,26,139);
insert into detalle_ventas (ide_det_vta,ctd_det_vta,pre_det_vta,tot_det_vta,ide_prd,ide_vta) values (640,3,75794,227382,14,119);
insert into detalle_ventas (ide_det_vta,ctd_det_vta,pre_det_vta,tot_det_vta,ide_prd,ide_vta) values (641,5,13513,67565,46,112);
insert into detalle_ventas (ide_det_vta,ctd_det_vta,pre_det_vta,tot_det_vta,ide_prd,ide_vta) values (642,2,62557,125114,22,150);
insert into detalle_ventas (ide_det_vta,ctd_det_vta,pre_det_vta,tot_det_vta,ide_prd,ide_vta) values (643,6,88233,529398,42,144);
insert into detalle_ventas (ide_det_vta,ctd_det_vta,pre_det_vta,tot_det_vta,ide_prd,ide_vta) values (644,2,28913,57826,14,100);
insert into detalle_ventas (ide_det_vta,ctd_det_vta,pre_det_vta,tot_det_vta,ide_prd,ide_vta) values (645,3,39985,119955,22,143);
insert into detalle_ventas (ide_det_vta,ctd_det_vta,pre_det_vta,tot_det_vta,ide_prd,ide_vta) values (646,2,44176,88352,41,132);
