-- Datos
-- use abd_sup_mer;

insert into categorias (idCategoria,descCategoria) values (1,'Carnes y Embutidos');
insert into categorias (idCategoria,descCategoria) values (2,'Frutas y Verduras');
insert into categorias (idCategoria,descCategoria) values (3,'Panadería y Dulces');
insert into categorias (idCategoria,descCategoria) values (4,'Huevos, Lácteos y Café');
insert into categorias (idCategoria,descCategoria) values (5,'Aceite, Pasta y Legumbres');
insert into categorias (idCategoria,descCategoria) values (6,'Conservas y Comida Preparada');
insert into categorias (idCategoria,descCategoria) values (7,'Zumos y Bebidas');
insert into categorias (idCategoria,descCategoria) values (8,'Aperitivos');
insert into categorias (idCategoria,descCategoria) values (9,'Algas, Tofu y Preparados');
insert into categorias (idCategoria,descCategoria) values (10,'Infantil');
insert into categorias (idCategoria,descCategoria) values (11,'Cosmética y Cuidado Personal');
insert into categorias (idCategoria,descCategoria) values (12,'Hogar y Limpieza');

insert into marcas (idMarca,nomMarca) values (1,'Receta el Abuelo');
insert into marcas (idMarca,nomMarca) values (2,'PF');
insert into marcas (idMarca,nomMarca) values (3,'Aconcagua');
insert into marcas (idMarca,nomMarca) values (4,'Lider');
insert into marcas (idMarca,nomMarca) values (5,'Fuchs');
insert into marcas (idMarca,nomMarca) values (6,'Castaño');
insert into marcas (idMarca,nomMarca) values (7,'Lonco Leche');
insert into marcas (idMarca,nomMarca) values (8,'Surlat');
insert into marcas (idMarca,nomMarca) values (9,'Natura');
insert into marcas (idMarca,nomMarca) values (10,'Miraflores');
insert into marcas (idMarca,nomMarca) values (11,'Esmeralda');
insert into marcas (idMarca,nomMarca) values (12,'Angelmo');
insert into marcas (idMarca,nomMarca) values (13,'CocaCola');
insert into marcas (idMarca,nomMarca) values (14,'Pepsi');
insert into marcas (idMarca,nomMarca) values (15,'Kryzpo');
insert into marcas (idMarca,nomMarca) values (16,'Evercrisp');
insert into marcas (idMarca,nomMarca) values (17,'Krea');
insert into marcas (idMarca,nomMarca) values (18,'Vanity');
insert into marcas (idMarca,nomMarca) values (19,'Pantene');
insert into marcas (idMarca,nomMarca) values (20,'Ballerina');
insert into marcas (idMarca,nomMarca) values (21,'Vanish');
insert into marcas (idMarca,nomMarca) values (22,'Ace');


insert into regiones (idRegion,nomRegion) values (1,'Tarapacá');
insert into regiones (idRegion,nomRegion) values (2,'Antofagasta');
insert into regiones (idRegion,nomRegion) values (3,'Atacama');
insert into regiones (idRegion,nomRegion) values (4,'Coquimbo');
insert into regiones (idRegion,nomRegion) values (5,'Valparaíso');
insert into regiones (idRegion,nomRegion) values (6,'Libertador General Bernardo O´Higgins');
insert into regiones (idRegion,nomRegion) values (7,'Maule');
insert into regiones (idRegion,nomRegion) values (8,'Biobío');
insert into regiones (idRegion,nomRegion) values (9,'La Araucanía');
insert into regiones (idRegion,nomRegion) values (10,'Los Lagos');
insert into regiones (idRegion,nomRegion) values (11,'Aysén del General Carlos Ibáñez del Campo');
insert into regiones (idRegion,nomRegion) values (12,'Magallanes y de la Antártica Chilena');
insert into regiones (idRegion,nomRegion) values (13,'Metropolitana de Santiago');
insert into regiones (idRegion,nomRegion) values (14,'Los Ríos');
insert into regiones (idRegion,nomRegion) values (15,'Arica y Parinacota');
insert into regiones (idRegion,nomRegion) values (16,'Ñuble');

insert into comunas (idComuna,nomComuna,idRegion) values (1,'Iquique',1);
insert into comunas (idComuna,nomComuna,idRegion) values (2,'Alto Hospicio',1);
insert into comunas (idComuna,nomComuna,idRegion) values (3,'Pozo Almonte',1);
insert into comunas (idComuna,nomComuna,idRegion) values (4,'Camiña',1);
insert into comunas (idComuna,nomComuna,idRegion) values (5,'Colchane',1);
insert into comunas (idComuna,nomComuna,idRegion) values (6,'Huara',1);
insert into comunas (idComuna,nomComuna,idRegion) values (7,'Pica',1);
insert into comunas (idComuna,nomComuna,idRegion) values (8,'Antofagasta',2);
insert into comunas (idComuna,nomComuna,idRegion) values (9,'Mejillones',2);
insert into comunas (idComuna,nomComuna,idRegion) values (10,'Sierra Gorda',2);
insert into comunas (idComuna,nomComuna,idRegion) values (11,'Taltal',2);
insert into comunas (idComuna,nomComuna,idRegion) values (12,'Calama',2);
insert into comunas (idComuna,nomComuna,idRegion) values (13,'Ollagüe',2);
insert into comunas (idComuna,nomComuna,idRegion) values (14,'San Pedro de Atacama',2);
insert into comunas (idComuna,nomComuna,idRegion) values (15,'Tocopilla',2);
insert into comunas (idComuna,nomComuna,idRegion) values (16,'María Elena',2);
insert into comunas (idComuna,nomComuna,idRegion) values (17,'Copiapó',3);
insert into comunas (idComuna,nomComuna,idRegion) values (18,'Caldera',3);
insert into comunas (idComuna,nomComuna,idRegion) values (19,'Tierra Amarilla',3);
insert into comunas (idComuna,nomComuna,idRegion) values (20,'Chañaral',3);
insert into comunas (idComuna,nomComuna,idRegion) values (21,'Diego de Almagro',3);
insert into comunas (idComuna,nomComuna,idRegion) values (22,'Vallenar',3);
insert into comunas (idComuna,nomComuna,idRegion) values (23,'Alto del Carmen',3);
insert into comunas (idComuna,nomComuna,idRegion) values (24,'Freirina',3);
insert into comunas (idComuna,nomComuna,idRegion) values (25,'Huasco',3);
insert into comunas (idComuna,nomComuna,idRegion) values (26,'La Serena',4);
insert into comunas (idComuna,nomComuna,idRegion) values (27,'Coquimbo',4);
insert into comunas (idComuna,nomComuna,idRegion) values (28,'Andacollo',4);
insert into comunas (idComuna,nomComuna,idRegion) values (29,'La Higuera',4);
insert into comunas (idComuna,nomComuna,idRegion) values (30,'Paiguano',4);
insert into comunas (idComuna,nomComuna,idRegion) values (31,'Vicuña',4);
insert into comunas (idComuna,nomComuna,idRegion) values (32,'Illapel',4);
insert into comunas (idComuna,nomComuna,idRegion) values (33,'Canela',4);
insert into comunas (idComuna,nomComuna,idRegion) values (34,'Los Vilos',4);
insert into comunas (idComuna,nomComuna,idRegion) values (35,'Salamanca',4);
insert into comunas (idComuna,nomComuna,idRegion) values (36,'Ovalle',4);
insert into comunas (idComuna,nomComuna,idRegion) values (37,'Combarbalá',4);
insert into comunas (idComuna,nomComuna,idRegion) values (38,'Monte Patria',4);
insert into comunas (idComuna,nomComuna,idRegion) values (39,'Punitaqui',4);
insert into comunas (idComuna,nomComuna,idRegion) values (40,'Río Hurtado',4);
insert into comunas (idComuna,nomComuna,idRegion) values (41,'Valparaíso',5);
insert into comunas (idComuna,nomComuna,idRegion) values (42,'Casablanca',5);
insert into comunas (idComuna,nomComuna,idRegion) values (43,'Concón',5);
insert into comunas (idComuna,nomComuna,idRegion) values (44,'Juan Fernández',5);
insert into comunas (idComuna,nomComuna,idRegion) values (45,'Puchuncaví',5);
insert into comunas (idComuna,nomComuna,idRegion) values (46,'Quintero',5);
insert into comunas (idComuna,nomComuna,idRegion) values (47,'Viña del Mar',5);
insert into comunas (idComuna,nomComuna,idRegion) values (48,'Isla de Pascua',5);
insert into comunas (idComuna,nomComuna,idRegion) values (49,'Los Andes',5);
insert into comunas (idComuna,nomComuna,idRegion) values (50,'Calle Larga',5);
insert into comunas (idComuna,nomComuna,idRegion) values (51,'Rinconada',5);
insert into comunas (idComuna,nomComuna,idRegion) values (52,'San Esteban',5);
insert into comunas (idComuna,nomComuna,idRegion) values (53,'La Ligua',5);
insert into comunas (idComuna,nomComuna,idRegion) values (54,'Cabildo',5);
insert into comunas (idComuna,nomComuna,idRegion) values (55,'Papudo',5);
insert into comunas (idComuna,nomComuna,idRegion) values (56,'Petorca',5);
insert into comunas (idComuna,nomComuna,idRegion) values (57,'Zapallar',5);
insert into comunas (idComuna,nomComuna,idRegion) values (58,'Quillota',5);
insert into comunas (idComuna,nomComuna,idRegion) values (59,'Calera',5);
insert into comunas (idComuna,nomComuna,idRegion) values (60,'Hijuelas',5);
insert into comunas (idComuna,nomComuna,idRegion) values (61,'La Cruz',5);
insert into comunas (idComuna,nomComuna,idRegion) values (62,'Nogales',5);
insert into comunas (idComuna,nomComuna,idRegion) values (63,'San Antonio',5);
insert into comunas (idComuna,nomComuna,idRegion) values (64,'Algarrobo',5);
insert into comunas (idComuna,nomComuna,idRegion) values (65,'Cartagena',5);
insert into comunas (idComuna,nomComuna,idRegion) values (66,'El Quisco',5);
insert into comunas (idComuna,nomComuna,idRegion) values (67,'El Tabo',5);
insert into comunas (idComuna,nomComuna,idRegion) values (68,'Santo Domingo',5);
insert into comunas (idComuna,nomComuna,idRegion) values (69,'San Felipe',5);
insert into comunas (idComuna,nomComuna,idRegion) values (70,'Catemu',5);
insert into comunas (idComuna,nomComuna,idRegion) values (71,'Llaillay',5);
insert into comunas (idComuna,nomComuna,idRegion) values (72,'Panquehue',5);
insert into comunas (idComuna,nomComuna,idRegion) values (73,'Putaendo',5);
insert into comunas (idComuna,nomComuna,idRegion) values (74,'Santa María',5);
insert into comunas (idComuna,nomComuna,idRegion) values (75,'Quilpué',5);
insert into comunas (idComuna,nomComuna,idRegion) values (76,'Limache',5);
insert into comunas (idComuna,nomComuna,idRegion) values (77,'Olmué',5);
insert into comunas (idComuna,nomComuna,idRegion) values (78,'Villa Alemana',5);
insert into comunas (idComuna,nomComuna,idRegion) values (79,'Rancagua',6);
insert into comunas (idComuna,nomComuna,idRegion) values (80,'Codegua',6);
insert into comunas (idComuna,nomComuna,idRegion) values (81,'Coinco',6);
insert into comunas (idComuna,nomComuna,idRegion) values (82,'Coltauco',6);
insert into comunas (idComuna,nomComuna,idRegion) values (83,'Doñihue',6);
insert into comunas (idComuna,nomComuna,idRegion) values (84,'Graneros',6);
insert into comunas (idComuna,nomComuna,idRegion) values (85,'Las Cabras',6);
insert into comunas (idComuna,nomComuna,idRegion) values (86,'Machalí',6);
insert into comunas (idComuna,nomComuna,idRegion) values (87,'Malloa',6);
insert into comunas (idComuna,nomComuna,idRegion) values (88,'Mostazal',6);
insert into comunas (idComuna,nomComuna,idRegion) values (89,'Olivar',6);
insert into comunas (idComuna,nomComuna,idRegion) values (90,'Peumo',6);
insert into comunas (idComuna,nomComuna,idRegion) values (91,'Pichidegua',6);
insert into comunas (idComuna,nomComuna,idRegion) values (92,'Quinta de Tilcoco',6);
insert into comunas (idComuna,nomComuna,idRegion) values (93,'Rengo',6);
insert into comunas (idComuna,nomComuna,idRegion) values (94,'Requínoa',6);
insert into comunas (idComuna,nomComuna,idRegion) values (95,'San Vicente',6);
insert into comunas (idComuna,nomComuna,idRegion) values (96,'Pichilemu',6);
insert into comunas (idComuna,nomComuna,idRegion) values (97,'La Estrella',6);
insert into comunas (idComuna,nomComuna,idRegion) values (98,'Litueche',6);
insert into comunas (idComuna,nomComuna,idRegion) values (99,'Marchihue',6);
insert into comunas (idComuna,nomComuna,idRegion) values (100,'Navidad',6);
insert into comunas (idComuna,nomComuna,idRegion) values (101,'Paredones',6);
insert into comunas (idComuna,nomComuna,idRegion) values (102,'San Fernando',6);
insert into comunas (idComuna,nomComuna,idRegion) values (103,'Chépica',6);
insert into comunas (idComuna,nomComuna,idRegion) values (104,'Chimbarongo',6);
insert into comunas (idComuna,nomComuna,idRegion) values (105,'Lolol',6);
insert into comunas (idComuna,nomComuna,idRegion) values (106,'Nancagua',6);
insert into comunas (idComuna,nomComuna,idRegion) values (107,'Palmilla',6);
insert into comunas (idComuna,nomComuna,idRegion) values (108,'Peralillo',6);
insert into comunas (idComuna,nomComuna,idRegion) values (109,'Placilla',6);
insert into comunas (idComuna,nomComuna,idRegion) values (110,'Pumanque',6);
insert into comunas (idComuna,nomComuna,idRegion) values (111,'Santa Cruz',6);
insert into comunas (idComuna,nomComuna,idRegion) values (112,'Talca',7);
insert into comunas (idComuna,nomComuna,idRegion) values (113,'Constitución',7);
insert into comunas (idComuna,nomComuna,idRegion) values (114,'Curepto',7);
insert into comunas (idComuna,nomComuna,idRegion) values (115,'Empedrado',7);
insert into comunas (idComuna,nomComuna,idRegion) values (116,'Maule',7);
insert into comunas (idComuna,nomComuna,idRegion) values (117,'Pelarco',7);
insert into comunas (idComuna,nomComuna,idRegion) values (118,'Pencahue',7);
insert into comunas (idComuna,nomComuna,idRegion) values (119,'Río Claro',7);
insert into comunas (idComuna,nomComuna,idRegion) values (120,'San Clemente',7);
insert into comunas (idComuna,nomComuna,idRegion) values (121,'San Rafael',7);
insert into comunas (idComuna,nomComuna,idRegion) values (122,'Cauquenes',7);
insert into comunas (idComuna,nomComuna,idRegion) values (123,'Chanco',7);
insert into comunas (idComuna,nomComuna,idRegion) values (124,'Pelluhue',7);
insert into comunas (idComuna,nomComuna,idRegion) values (125,'Curicó',7);
insert into comunas (idComuna,nomComuna,idRegion) values (126,'Hualañé',7);
insert into comunas (idComuna,nomComuna,idRegion) values (127,'Licantén',7);
insert into comunas (idComuna,nomComuna,idRegion) values (128,'Molina',7);
insert into comunas (idComuna,nomComuna,idRegion) values (129,'Rauco',7);
insert into comunas (idComuna,nomComuna,idRegion) values (130,'Romeral',7);
insert into comunas (idComuna,nomComuna,idRegion) values (131,'Sagrada Familia',7);
insert into comunas (idComuna,nomComuna,idRegion) values (132,'Teno',7);
insert into comunas (idComuna,nomComuna,idRegion) values (133,'Vichuquén',7);
insert into comunas (idComuna,nomComuna,idRegion) values (134,'Linares',7);
insert into comunas (idComuna,nomComuna,idRegion) values (135,'Colbún',7);
insert into comunas (idComuna,nomComuna,idRegion) values (136,'Longaví',7);
insert into comunas (idComuna,nomComuna,idRegion) values (137,'Parral',7);
insert into comunas (idComuna,nomComuna,idRegion) values (138,'Retiro',7);
insert into comunas (idComuna,nomComuna,idRegion) values (139,'San Javier',7);
insert into comunas (idComuna,nomComuna,idRegion) values (140,'Villa Alegre',7);
insert into comunas (idComuna,nomComuna,idRegion) values (141,'Yerbas Buenas',7);
insert into comunas (idComuna,nomComuna,idRegion) values (142,'Concepción',8);
insert into comunas (idComuna,nomComuna,idRegion) values (143,'Coronel',8);
insert into comunas (idComuna,nomComuna,idRegion) values (144,'Chiguayante',8);
insert into comunas (idComuna,nomComuna,idRegion) values (145,'Florida',8);
insert into comunas (idComuna,nomComuna,idRegion) values (146,'Hualqui',8);
insert into comunas (idComuna,nomComuna,idRegion) values (147,'Lota',8);
insert into comunas (idComuna,nomComuna,idRegion) values (148,'Penco',8);
insert into comunas (idComuna,nomComuna,idRegion) values (149,'San Pedro de la Paz',8);
insert into comunas (idComuna,nomComuna,idRegion) values (150,'Santa Juana',8);
insert into comunas (idComuna,nomComuna,idRegion) values (151,'Talcahuano',8);
insert into comunas (idComuna,nomComuna,idRegion) values (152,'Tomé',8);
insert into comunas (idComuna,nomComuna,idRegion) values (153,'Hualpén',8);
insert into comunas (idComuna,nomComuna,idRegion) values (154,'Lebu',8);
insert into comunas (idComuna,nomComuna,idRegion) values (155,'Arauco',8);
insert into comunas (idComuna,nomComuna,idRegion) values (156,'Cañete',8);
insert into comunas (idComuna,nomComuna,idRegion) values (157,'Contulmo',8);
insert into comunas (idComuna,nomComuna,idRegion) values (158,'Curanilahue',8);
insert into comunas (idComuna,nomComuna,idRegion) values (159,'Los Alamos',8);
insert into comunas (idComuna,nomComuna,idRegion) values (160,'Tirúa',8);
insert into comunas (idComuna,nomComuna,idRegion) values (161,'Los Angeles',8);
insert into comunas (idComuna,nomComuna,idRegion) values (162,'Antuco',8);
insert into comunas (idComuna,nomComuna,idRegion) values (163,'Cabrero',8);
insert into comunas (idComuna,nomComuna,idRegion) values (164,'Laja',8);
insert into comunas (idComuna,nomComuna,idRegion) values (165,'Mulchén',8);
insert into comunas (idComuna,nomComuna,idRegion) values (166,'Nacimiento',8);
insert into comunas (idComuna,nomComuna,idRegion) values (167,'Negrete',8);
insert into comunas (idComuna,nomComuna,idRegion) values (168,'Quilaco',8);
insert into comunas (idComuna,nomComuna,idRegion) values (169,'Quilleco',8);
insert into comunas (idComuna,nomComuna,idRegion) values (170,'San Rosendo',8);
insert into comunas (idComuna,nomComuna,idRegion) values (171,'Santa Bárbara',8);
insert into comunas (idComuna,nomComuna,idRegion) values (172,'Tucapel',8);
insert into comunas (idComuna,nomComuna,idRegion) values (173,'Yumbel',8);
insert into comunas (idComuna,nomComuna,idRegion) values (174,'Alto Biobío',8);
insert into comunas (idComuna,nomComuna,idRegion) values (175,'Temuco',9);
insert into comunas (idComuna,nomComuna,idRegion) values (176,'Carahue',9);
insert into comunas (idComuna,nomComuna,idRegion) values (177,'Cunco',9);
insert into comunas (idComuna,nomComuna,idRegion) values (178,'Curarrehue',9);
insert into comunas (idComuna,nomComuna,idRegion) values (179,'Freire',9);
insert into comunas (idComuna,nomComuna,idRegion) values (180,'Galvarino',9);
insert into comunas (idComuna,nomComuna,idRegion) values (181,'Gorbea',9);
insert into comunas (idComuna,nomComuna,idRegion) values (182,'Lautaro',9);
insert into comunas (idComuna,nomComuna,idRegion) values (183,'Loncoche',9);
insert into comunas (idComuna,nomComuna,idRegion) values (184,'Melipeuco',9);
insert into comunas (idComuna,nomComuna,idRegion) values (185,'Nueva Imperial',9);
insert into comunas (idComuna,nomComuna,idRegion) values (186,'Padre Las Casas',9);
insert into comunas (idComuna,nomComuna,idRegion) values (187,'Perquenco',9);
insert into comunas (idComuna,nomComuna,idRegion) values (188,'Pitrufquén',9);
insert into comunas (idComuna,nomComuna,idRegion) values (189,'Pucón',9);
insert into comunas (idComuna,nomComuna,idRegion) values (190,'Saavedra',9);
insert into comunas (idComuna,nomComuna,idRegion) values (191,'Teodoro Schmidt',9);
insert into comunas (idComuna,nomComuna,idRegion) values (192,'Toltén',9);
insert into comunas (idComuna,nomComuna,idRegion) values (193,'Vilcún',9);
insert into comunas (idComuna,nomComuna,idRegion) values (194,'Villarrica',9);
insert into comunas (idComuna,nomComuna,idRegion) values (195,'Cholchol',9);
insert into comunas (idComuna,nomComuna,idRegion) values (196,'Angol',9);
insert into comunas (idComuna,nomComuna,idRegion) values (197,'Collipulli',9);
insert into comunas (idComuna,nomComuna,idRegion) values (198,'Curacautín',9);
insert into comunas (idComuna,nomComuna,idRegion) values (199,'Ercilla',9);
insert into comunas (idComuna,nomComuna,idRegion) values (200,'Lonquimay',9);
insert into comunas (idComuna,nomComuna,idRegion) values (201,'Los Sauces',9);
insert into comunas (idComuna,nomComuna,idRegion) values (202,'Lumaco',9);
insert into comunas (idComuna,nomComuna,idRegion) values (203,'Purén',9);
insert into comunas (idComuna,nomComuna,idRegion) values (204,'Renaico',9);
insert into comunas (idComuna,nomComuna,idRegion) values (205,'Traiguén',9);
insert into comunas (idComuna,nomComuna,idRegion) values (206,'Victoria',9);
insert into comunas (idComuna,nomComuna,idRegion) values (207,'Puerto Montt',10);
insert into comunas (idComuna,nomComuna,idRegion) values (208,'Calbuco',10);
insert into comunas (idComuna,nomComuna,idRegion) values (209,'Cochamó',10);
insert into comunas (idComuna,nomComuna,idRegion) values (210,'Fresia',10);
insert into comunas (idComuna,nomComuna,idRegion) values (211,'Frutillar',10);
insert into comunas (idComuna,nomComuna,idRegion) values (212,'Los Muermos',10);
insert into comunas (idComuna,nomComuna,idRegion) values (213,'Llanquihue',10);
insert into comunas (idComuna,nomComuna,idRegion) values (214,'Maullín',10);
insert into comunas (idComuna,nomComuna,idRegion) values (215,'Puerto Varas',10);
insert into comunas (idComuna,nomComuna,idRegion) values (216,'Castro',10);
insert into comunas (idComuna,nomComuna,idRegion) values (217,'Ancud',10);
insert into comunas (idComuna,nomComuna,idRegion) values (218,'Chonchi',10);
insert into comunas (idComuna,nomComuna,idRegion) values (219,'Curaco de Vélez',10);
insert into comunas (idComuna,nomComuna,idRegion) values (220,'Dalcahue',10);
insert into comunas (idComuna,nomComuna,idRegion) values (221,'Puqueldón',10);
insert into comunas (idComuna,nomComuna,idRegion) values (222,'Queilén',10);
insert into comunas (idComuna,nomComuna,idRegion) values (223,'Quellón',10);
insert into comunas (idComuna,nomComuna,idRegion) values (224,'Quemchi',10);
insert into comunas (idComuna,nomComuna,idRegion) values (225,'Quinchao',10);
insert into comunas (idComuna,nomComuna,idRegion) values (226,'Osorno',10);
insert into comunas (idComuna,nomComuna,idRegion) values (227,'Puerto Octay',10);
insert into comunas (idComuna,nomComuna,idRegion) values (228,'Purranque',10);
insert into comunas (idComuna,nomComuna,idRegion) values (229,'Puyehue',10);
insert into comunas (idComuna,nomComuna,idRegion) values (230,'Río Negro',10);
insert into comunas (idComuna,nomComuna,idRegion) values (231,'San Juan de la Costa',10);
insert into comunas (idComuna,nomComuna,idRegion) values (232,'San Pablo',10);
insert into comunas (idComuna,nomComuna,idRegion) values (233,'Chaitén',10);
insert into comunas (idComuna,nomComuna,idRegion) values (234,'Futaleufú',10);
insert into comunas (idComuna,nomComuna,idRegion) values (235,'Hualaihué',10);
insert into comunas (idComuna,nomComuna,idRegion) values (236,'Palena',10);
insert into comunas (idComuna,nomComuna,idRegion) values (237,'Coihaique',11);
insert into comunas (idComuna,nomComuna,idRegion) values (238,'Lago Verde',11);
insert into comunas (idComuna,nomComuna,idRegion) values (239,'Aisén',11);
insert into comunas (idComuna,nomComuna,idRegion) values (240,'Cisnes',11);
insert into comunas (idComuna,nomComuna,idRegion) values (241,'Guaitecas',11);
insert into comunas (idComuna,nomComuna,idRegion) values (242,'Cochrane',11);
insert into comunas (idComuna,nomComuna,idRegion) values (243,'O´Higgins',11);
insert into comunas (idComuna,nomComuna,idRegion) values (244,'Tortel',11);
insert into comunas (idComuna,nomComuna,idRegion) values (245,'Chile Chico',11);
insert into comunas (idComuna,nomComuna,idRegion) values (246,'Río Ibáñez',11);
insert into comunas (idComuna,nomComuna,idRegion) values (247,'Punta Arenas',12);
insert into comunas (idComuna,nomComuna,idRegion) values (248,'Laguna Blanca',12);
insert into comunas (idComuna,nomComuna,idRegion) values (249,'Río Verde',12);
insert into comunas (idComuna,nomComuna,idRegion) values (250,'San Gregorio',12);
insert into comunas (idComuna,nomComuna,idRegion) values (251,'Cabo de Hornos',12);
insert into comunas (idComuna,nomComuna,idRegion) values (252,'Porvenir',12);
insert into comunas (idComuna,nomComuna,idRegion) values (253,'Primavera',12);
insert into comunas (idComuna,nomComuna,idRegion) values (254,'Timaukel',12);
insert into comunas (idComuna,nomComuna,idRegion) values (255,'Natales',12);
insert into comunas (idComuna,nomComuna,idRegion) values (256,'Torres del Paine',12);
insert into comunas (idComuna,nomComuna,idRegion) values (257,'Santiago',13);
insert into comunas (idComuna,nomComuna,idRegion) values (258,'Cerrillos',13);
insert into comunas (idComuna,nomComuna,idRegion) values (259,'Cerro Navia',13);
insert into comunas (idComuna,nomComuna,idRegion) values (260,'Conchalí',13);
insert into comunas (idComuna,nomComuna,idRegion) values (261,'El Bosque',13);
insert into comunas (idComuna,nomComuna,idRegion) values (262,'Estación Central',13);
insert into comunas (idComuna,nomComuna,idRegion) values (263,'Huechuraba',13);
insert into comunas (idComuna,nomComuna,idRegion) values (264,'Independencia',13);
insert into comunas (idComuna,nomComuna,idRegion) values (265,'La Cisterna',13);
insert into comunas (idComuna,nomComuna,idRegion) values (266,'La Florida',13);
insert into comunas (idComuna,nomComuna,idRegion) values (267,'La Granja',13);
insert into comunas (idComuna,nomComuna,idRegion) values (268,'La Pintana',13);
insert into comunas (idComuna,nomComuna,idRegion) values (269,'La Reina',13);
insert into comunas (idComuna,nomComuna,idRegion) values (270,'Las Condes',13);
insert into comunas (idComuna,nomComuna,idRegion) values (271,'Lo Barnechea',13);
insert into comunas (idComuna,nomComuna,idRegion) values (272,'Lo Espejo',13);
insert into comunas (idComuna,nomComuna,idRegion) values (273,'Lo Prado',13);
insert into comunas (idComuna,nomComuna,idRegion) values (274,'Macul',13);
insert into comunas (idComuna,nomComuna,idRegion) values (275,'Maipú',13);
insert into comunas (idComuna,nomComuna,idRegion) values (276,'Ñuñoa',13);
insert into comunas (idComuna,nomComuna,idRegion) values (277,'Pedro Aguirre Cerda',13);
insert into comunas (idComuna,nomComuna,idRegion) values (278,'Peñalolén',13);
insert into comunas (idComuna,nomComuna,idRegion) values (279,'Providencia',13);
insert into comunas (idComuna,nomComuna,idRegion) values (280,'Pudahuel',13);
insert into comunas (idComuna,nomComuna,idRegion) values (281,'Quilicura',13);
insert into comunas (idComuna,nomComuna,idRegion) values (282,'Quinta Normal',13);
insert into comunas (idComuna,nomComuna,idRegion) values (283,'Recoleta',13);
insert into comunas (idComuna,nomComuna,idRegion) values (284,'Renca',13);
insert into comunas (idComuna,nomComuna,idRegion) values (285,'San Joaquín',13);
insert into comunas (idComuna,nomComuna,idRegion) values (286,'San Miguel',13);
insert into comunas (idComuna,nomComuna,idRegion) values (287,'San Ramón',13);
insert into comunas (idComuna,nomComuna,idRegion) values (288,'Vitacura',13);
insert into comunas (idComuna,nomComuna,idRegion) values (289,'Puente Alto',13);
insert into comunas (idComuna,nomComuna,idRegion) values (290,'Pirque',13);
insert into comunas (idComuna,nomComuna,idRegion) values (291,'San José de Maipo',13);
insert into comunas (idComuna,nomComuna,idRegion) values (292,'Colina',13);
insert into comunas (idComuna,nomComuna,idRegion) values (293,'Lampa',13);
insert into comunas (idComuna,nomComuna,idRegion) values (294,'Tiltil',13);
insert into comunas (idComuna,nomComuna,idRegion) values (295,'San Bernardo',13);
insert into comunas (idComuna,nomComuna,idRegion) values (296,'Buin',13);
insert into comunas (idComuna,nomComuna,idRegion) values (297,'Calera de Tango',13);
insert into comunas (idComuna,nomComuna,idRegion) values (298,'Paine',13);
insert into comunas (idComuna,nomComuna,idRegion) values (299,'Melipilla',13);
insert into comunas (idComuna,nomComuna,idRegion) values (300,'Alhué',13);
insert into comunas (idComuna,nomComuna,idRegion) values (301,'Curacaví',13);
insert into comunas (idComuna,nomComuna,idRegion) values (302,'María Pinto',13);
insert into comunas (idComuna,nomComuna,idRegion) values (303,'San Pedro',13);
insert into comunas (idComuna,nomComuna,idRegion) values (304,'Talagante',13);
insert into comunas (idComuna,nomComuna,idRegion) values (305,'El Monte',13);
insert into comunas (idComuna,nomComuna,idRegion) values (306,'Isla de Maipo',13);
insert into comunas (idComuna,nomComuna,idRegion) values (307,'Padre Hurtado',13);
insert into comunas (idComuna,nomComuna,idRegion) values (308,'Peñaflor',13);
insert into comunas (idComuna,nomComuna,idRegion) values (309,'Valdivia',14);
insert into comunas (idComuna,nomComuna,idRegion) values (310,'Corral',14);
insert into comunas (idComuna,nomComuna,idRegion) values (311,'Lanco',14);
insert into comunas (idComuna,nomComuna,idRegion) values (312,'Los Lagos',14);
insert into comunas (idComuna,nomComuna,idRegion) values (313,'Máfil',14);
insert into comunas (idComuna,nomComuna,idRegion) values (314,'Mariquina',14);
insert into comunas (idComuna,nomComuna,idRegion) values (315,'Paillaco',14);
insert into comunas (idComuna,nomComuna,idRegion) values (316,'Panguipulli',14);
insert into comunas (idComuna,nomComuna,idRegion) values (317,'La Unión',14);
insert into comunas (idComuna,nomComuna,idRegion) values (318,'Futrono',14);
insert into comunas (idComuna,nomComuna,idRegion) values (319,'Lago Ranco',14);
insert into comunas (idComuna,nomComuna,idRegion) values (320,'Río Bueno',14);
insert into comunas (idComuna,nomComuna,idRegion) values (321,'Arica',15);
insert into comunas (idComuna,nomComuna,idRegion) values (322,'Camarones',15);
insert into comunas (idComuna,nomComuna,idRegion) values (323,'Putre',15);
insert into comunas (idComuna,nomComuna,idRegion) values (324,'General Lagos',15);
insert into comunas (idComuna,nomComuna,idRegion) values (325,'Chillán',16);
insert into comunas (idComuna,nomComuna,idRegion) values (326,'Bulnes',16);
insert into comunas (idComuna,nomComuna,idRegion) values (327,'Chillán Viejo',16);
insert into comunas (idComuna,nomComuna,idRegion) values (328,'El Carmen',16);
insert into comunas (idComuna,nomComuna,idRegion) values (329,'Pemuco',16);
insert into comunas (idComuna,nomComuna,idRegion) values (330,'Pinto',16);
insert into comunas (idComuna,nomComuna,idRegion) values (331,'Quillón',16);
insert into comunas (idComuna,nomComuna,idRegion) values (332,'San Ignacio',16);
insert into comunas (idComuna,nomComuna,idRegion) values (333,'Yungay',16);
insert into comunas (idComuna,nomComuna,idRegion) values (334,'Quirihue',16);
insert into comunas (idComuna,nomComuna,idRegion) values (335,'Cobquecura',16);
insert into comunas (idComuna,nomComuna,idRegion) values (336,'Coelemu',16);
insert into comunas (idComuna,nomComuna,idRegion) values (337,'Ninhue',16);
insert into comunas (idComuna,nomComuna,idRegion) values (338,'Portezuelo',16);
insert into comunas (idComuna,nomComuna,idRegion) values (339,'Ranquil',16);
insert into comunas (idComuna,nomComuna,idRegion) values (340,'Treguaco',16);
insert into comunas (idComuna,nomComuna,idRegion) values (341,'San Carlos',16);
insert into comunas (idComuna,nomComuna,idRegion) values (342,'Coihueco',16);
insert into comunas (idComuna,nomComuna,idRegion) values (343,'Ñiquén',16);
insert into comunas (idComuna,nomComuna,idRegion) values (344,'San Fabián',16);
insert into comunas (idComuna,nomComuna,idRegion) values (345,'San Nicolás',16);



insert into clientes (idCliente,rutCliente,nomCliente,apeCliente,emailCliente,telCliente,dirCliente,idComuna) values (1,'23073732-0','PABLO','MATURANA','PABLO.MATURANA@gmail.com','984172970','Pasaje el olvido',322);
insert into clientes (idCliente,rutCliente,nomCliente,apeCliente,emailCliente,telCliente,dirCliente,idComuna) values (2,'8892973-k','FLOR','MARTINEZ','FLOR.MARTINEZ@gmail.com','984172971','Avenida Blanco Encalada',208);
insert into clientes (idCliente,rutCliente,nomCliente,apeCliente,emailCliente,telCliente,dirCliente,idComuna) values (3,'11324478-k','JOSE','PONCE','JOSE.PONCE@gmail.com','984172972','Avenida Brasil',149);
insert into clientes (idCliente,rutCliente,nomCliente,apeCliente,emailCliente,telCliente,dirCliente,idComuna) values (4,'9688383-8','KEVIN','FUENZALIDA','KEVIN.FUENZALIDA@gmail.com','945172973','Avenida Ejército Libertador',322);
insert into clientes (idCliente,rutCliente,nomCliente,apeCliente,emailCliente,telCliente,dirCliente,idComuna) values (5,'17000825-1','JOSEFA','ROSENTAL','JOSEFA.ROSENTAL@gmail.com','945172974','Avenida General Rondizzoni',14);
insert into clientes (idCliente,rutCliente,nomCliente,apeCliente,emailCliente,telCliente,dirCliente,idComuna) values (6,'13758595-2','JUANA','PINO','JUANA.PINO@gmail.com','945172975','Avenida Libertador Bernardo O’Higgins',39);
insert into clientes (idCliente,rutCliente,nomCliente,apeCliente,emailCliente,telCliente,dirCliente,idComuna) values (7,'17140869-5','BERNARDA','JIMENEZ','BERNARDA.JIMENEZ@gmail.com','945172976','Avenida Manuel Antonio Matta',330);
insert into clientes (idCliente,rutCliente,nomCliente,apeCliente,emailCliente,telCliente,dirCliente,idComuna) values (8,'8599412-3','TATIANA','GARATE','TATIANA.GARATE@gmail.com','945172977','Avenida Matucana',243);
insert into clientes (idCliente,rutCliente,nomCliente,apeCliente,emailCliente,telCliente,dirCliente,idComuna) values (9,'22199482-5','NATASHA','CORVALAN','NATASHA.CORVALAN@gmail.com','945172978','Avenida San Diego',284);
insert into clientes (idCliente,rutCliente,nomCliente,apeCliente,emailCliente,telCliente,dirCliente,idComuna) values (10,'14423074-4','MARCO','STARK','MARCO.STARK@gmail.com','945172979','Calle Agustinas',75);
insert into clientes (idCliente,rutCliente,nomCliente,apeCliente,emailCliente,telCliente,dirCliente,idComuna) values (11,'18950138-2','VICTOR','ROSENTAL','VICTOR.ROSENTAL@gmail.com','945172980','Calle Bandera',18);
insert into clientes (idCliente,rutCliente,nomCliente,apeCliente,emailCliente,telCliente,dirCliente,idComuna) values (12,'8952019-3','ESTER','PONCE','ESTER.PONCE@gmail.com','945172981','Calle Catedral',264);
insert into clientes (idCliente,rutCliente,nomCliente,apeCliente,emailCliente,telCliente,dirCliente,idComuna) values (13,'11044824-4','IGNACIO','MORAN','IGNACIO.MORAN@gmail.com','945172982','Calle Compañía',252);
insert into clientes (idCliente,rutCliente,nomCliente,apeCliente,emailCliente,telCliente,dirCliente,idComuna) values (14,'5131520-0','IGNACIO','SOLAR','IGNACIO.SOLAR@gmail.com','958172983','Calle Esmeralda',130);
insert into clientes (idCliente,rutCliente,nomCliente,apeCliente,emailCliente,telCliente,dirCliente,idComuna) values (15,'23529736-1','EMILIO','SALINAS','EMILIO.SALINAS@gmail.com','958172984','Calle Franklin',328);
insert into clientes (idCliente,rutCliente,nomCliente,apeCliente,emailCliente,telCliente,dirCliente,idComuna) values (16,'20689648-5','NATASHA','SAEZ','NATASHA.SAEZ@gmail.com','958172985','Calle Ismael Valdés Vergara',205);
insert into clientes (idCliente,rutCliente,nomCliente,apeCliente,emailCliente,telCliente,dirCliente,idComuna) values (17,'18779632-6','KATHERINE','SAEZ','KATHERINE.SAEZ@gmail.com','958172986','Calle José Miguel de La Barra',84);
insert into clientes (idCliente,rutCliente,nomCliente,apeCliente,emailCliente,telCliente,dirCliente,idComuna) values (18,'6148566-k','ANTONIO','BASAURE','ANTONIO.BASAURE@gmail.com','958172987','Calle Mac-Iver',56);
insert into clientes (idCliente,rutCliente,nomCliente,apeCliente,emailCliente,telCliente,dirCliente,idComuna) values (19,'8950364-7','NOELIA','SOLAR','NOELIA.SOLAR@gmail.com','958172988','Calle Merced',46);
insert into clientes (idCliente,rutCliente,nomCliente,apeCliente,emailCliente,telCliente,dirCliente,idComuna) values (20,'5794790-k','SERGIO','ARAYA','SERGIO.ARAYA@gmail.com','958172989','Calle Monjitas',201);
insert into clientes (idCliente,rutCliente,nomCliente,apeCliente,emailCliente,telCliente,dirCliente,idComuna) values (21,'12262279-7','LIDIA','FUENTES','LIDIA.FUENTES@gmail.com','958172990','Calle de Morandé',14);
insert into clientes (idCliente,rutCliente,nomCliente,apeCliente,emailCliente,telCliente,dirCliente,idComuna) values (22,'23020095-5','FLORENCIA','JIMENEZ','FLORENCIA.JIMENEZ@gmail.com','958172991','Calle San Antonio',300);
insert into clientes (idCliente,rutCliente,nomCliente,apeCliente,emailCliente,telCliente,dirCliente,idComuna) values (23,'11380472-6','ELIZABETH','BUSTOS','ELIZABETH.BUSTOS@gmail.com','958172992','Calle Santo Domingo',195);
insert into clientes (idCliente,rutCliente,nomCliente,apeCliente,emailCliente,telCliente,dirCliente,idComuna) values (24,'22657839-0','FLORENCIA','SAEZ','FLORENCIA.SAEZ@gmail.com','958172993','Calle Victoria Subercaseaux',30);
insert into clientes (idCliente,rutCliente,nomCliente,apeCliente,emailCliente,telCliente,dirCliente,idComuna) values (25,'15197471-6','ELIAS','CORNEJO','ELIAS.CORNEJO@gmail.com','958172994','Calle 21 de Mayo',57);
insert into clientes (idCliente,rutCliente,nomCliente,apeCliente,emailCliente,telCliente,dirCliente,idComuna) values (26,'16302397-0','MARTINA','LLANOS','MARTINA.LLANOS@gmail.com','958172995','Paseo Ahumada',288);
insert into clientes (idCliente,rutCliente,nomCliente,apeCliente,emailCliente,telCliente,dirCliente,idComuna) values (27,'15549144-2','ELIAS','PONCE','ELIAS.PONCE@gmail.com','958172996','Paseo Estado',92);
insert into clientes (idCliente,rutCliente,nomCliente,apeCliente,emailCliente,telCliente,dirCliente,idComuna) values (28,'18118235-0','ESTER','ROGERS','ESTER.ROGERS@gmail.com','958172997','Paseo Huérfanos',65);
insert into clientes (idCliente,rutCliente,nomCliente,apeCliente,emailCliente,telCliente,dirCliente,idComuna) values (29,'6330357-7','RICARDO','ABARCA','RICARDO.ABARCA@gmail.com','958172998','Paseo Puente',337);
insert into clientes (idCliente,rutCliente,nomCliente,apeCliente,emailCliente,telCliente,dirCliente,idComuna) values (30,'16506675-8','RICARDO','CARVAJAL','RICARDO.CARVAJAL@gmail.com','958172999','Avenida Blanco Encalada',137);
insert into clientes (idCliente,rutCliente,nomCliente,apeCliente,emailCliente,telCliente,dirCliente,idComuna) values (31,'14757802-4','SCARLET','CAROCA','SCARLET.CAROCA@gmail.com','958173000','Avenida Brasil',152);
insert into clientes (idCliente,rutCliente,nomCliente,apeCliente,emailCliente,telCliente,dirCliente,idComuna) values (32,'18663710-0','ELIAS','MONSALVE','ELIAS.MONSALVE@gmail.com','958173001','Avenida Ejército Libertador',9);
insert into clientes (idCliente,rutCliente,nomCliente,apeCliente,emailCliente,telCliente,dirCliente,idComuna) values (33,'19596063-1','FERNANDO','ROJAS','FERNANDO.ROJAS@gmail.com','958173002','Avenida General Rondizzoni',207);
insert into clientes (idCliente,rutCliente,nomCliente,apeCliente,emailCliente,telCliente,dirCliente,idComuna) values (34,'19002511-k','NATASHA','COLIVORO','NATASHA.COLIVORO@gmail.com','958173003','Avenida Libertador Bernardo O’Higgins',91);
insert into clientes (idCliente,rutCliente,nomCliente,apeCliente,emailCliente,telCliente,dirCliente,idComuna) values (35,'9286545-2','MICHEL','LEON','MICHEL.LEON@gmail.com','958173004','Avenida Manuel Antonio Matta',302);
insert into clientes (idCliente,rutCliente,nomCliente,apeCliente,emailCliente,telCliente,dirCliente,idComuna) values (36,'22956668-7','SCARLET','CARVAJAL','SCARLET.CARVAJAL@gmail.com','958173005','Avenida Matucana',241);
insert into clientes (idCliente,rutCliente,nomCliente,apeCliente,emailCliente,telCliente,dirCliente,idComuna) values (37,'10647322-6','IVAN','FONT','IVAN.FONT@gmail.com','958173006','Avenida San Diego',130);
insert into clientes (idCliente,rutCliente,nomCliente,apeCliente,emailCliente,telCliente,dirCliente,idComuna) values (38,'14475126-4','ANA','ARANEDA','ANA.ARANEDA@gmail.com','958173007','Calle Agustinas',228);
insert into clientes (idCliente,rutCliente,nomCliente,apeCliente,emailCliente,telCliente,dirCliente,idComuna) values (39,'8562515-2','BELINDA','SALAZAR','BELINDA.SALAZAR@gmail.com','958173008','Calle Bandera',136);
insert into clientes (idCliente,rutCliente,nomCliente,apeCliente,emailCliente,telCliente,dirCliente,idComuna) values (40,'24164223-2','MARCO','LLANOS','MARCO.LLANOS@gmail.com','958173009','Calle Catedral',169);
insert into clientes (idCliente,rutCliente,nomCliente,apeCliente,emailCliente,telCliente,dirCliente,idComuna) values (41,'17256008-3','DIANA','CAROCA','DIANA.CAROCA@gmail.com','958173010','Calle Compañía',134);
insert into clientes (idCliente,rutCliente,nomCliente,apeCliente,emailCliente,telCliente,dirCliente,idComuna) values (42,'23307408-k','CARLOS','AEDO','CARLOS.AEDO@gmail.com','958173011','Calle Esmeralda',287);
insert into clientes (idCliente,rutCliente,nomCliente,apeCliente,emailCliente,telCliente,dirCliente,idComuna) values (43,'10289369-7','TONY','CACERES','TONY.CACERES@gmail.com','958173012','Calle Franklin',185);
insert into clientes (idCliente,rutCliente,nomCliente,apeCliente,emailCliente,telCliente,dirCliente,idComuna) values (44,'20881914-3','CARLOS','MOLLER','CARLOS.MOLLER@gmail.com','958173013','Calle Ismael Valdés Vergara',16);
insert into clientes (idCliente,rutCliente,nomCliente,apeCliente,emailCliente,telCliente,dirCliente,idComuna) values (45,'21970635-9','IVAN','MONSALVE','IVAN.MONSALVE@gmail.com','958173014','Calle José Miguel de La Barra',172);
insert into clientes (idCliente,rutCliente,nomCliente,apeCliente,emailCliente,telCliente,dirCliente,idComuna) values (46,'5527779-6','VERONICA','STARK','VERONICA.STARK@gmail.com','956183015','Calle Mac-Iver',284);
insert into clientes (idCliente,rutCliente,nomCliente,apeCliente,emailCliente,telCliente,dirCliente,idComuna) values (47,'19540910-2','JOSE','RUBIO','JOSE.RUBIO@gmail.com','956183016','Calle Merced',186);
insert into clientes (idCliente,rutCliente,nomCliente,apeCliente,emailCliente,telCliente,dirCliente,idComuna) values (48,'11890013-8','SERGIO','CACERES','SERGIO.CACERES@gmail.com','956183017','Calle Monjitas',142);
insert into clientes (idCliente,rutCliente,nomCliente,apeCliente,emailCliente,telCliente,dirCliente,idComuna) values (49,'8052689-k','NATASHA','CORNEJO','NATASHA.CORNEJO@gmail.com','956183018','Calle de Morandé',134);
insert into clientes (idCliente,rutCliente,nomCliente,apeCliente,emailCliente,telCliente,dirCliente,idComuna) values (50,'9361299-k','BELINDA','ROJAS','BELINDA.ROJAS@gmail.com','956183019','Calle San Antonio',151);
insert into clientes (idCliente,rutCliente,nomCliente,apeCliente,emailCliente,telCliente,dirCliente,idComuna) values (51,'14208244-6','JOSE','CORNEJO','JOSE.CORNEJO@gmail.com','956183020','Calle Santo Domingo',204);
insert into clientes (idCliente,rutCliente,nomCliente,apeCliente,emailCliente,telCliente,dirCliente,idComuna) values (52,'15810813-5','ANA','SOLAR','ANA.SOLAR@gmail.com','956183021','Calle Victoria Subercaseaux',133);
insert into clientes (idCliente,rutCliente,nomCliente,apeCliente,emailCliente,telCliente,dirCliente,idComuna) values (53,'9975047-2','EMILIO','RUBIO','EMILIO.RUBIO@gmail.com','956183022','Calle 21 de Mayo',284);
insert into clientes (idCliente,rutCliente,nomCliente,apeCliente,emailCliente,telCliente,dirCliente,idComuna) values (54,'15300665-2','MARTINA','GOMEZ','MARTINA.GOMEZ@gmail.com','956183023','Paseo Ahumada',186);
insert into clientes (idCliente,rutCliente,nomCliente,apeCliente,emailCliente,telCliente,dirCliente,idComuna) values (55,'23943110-0','BENJAMIN','SALVATIERRA','BENJAMIN.SALVATIERRA@gmail.com','956183024','Paseo Estado',170);
insert into clientes (idCliente,rutCliente,nomCliente,apeCliente,emailCliente,telCliente,dirCliente,idComuna) values (56,'15044410-1','SAMUEL','ALDERETE','SAMUEL.ALDERETE@gmail.com','956183025','Paseo Huérfanos',103);
insert into clientes (idCliente,rutCliente,nomCliente,apeCliente,emailCliente,telCliente,dirCliente,idComuna) values (57,'8688076-8','ESTER','CAROCA','ESTER.CAROCA@gmail.com','956183026','Paseo Puente',96);
insert into clientes (idCliente,rutCliente,nomCliente,apeCliente,emailCliente,telCliente,dirCliente,idComuna) values (58,'9801761-5','FERNANDO','SAEZ','FERNANDO.SAEZ@gmail.com','956183027','Avenida Blanco Encalada',2);
insert into clientes (idCliente,rutCliente,nomCliente,apeCliente,emailCliente,telCliente,dirCliente,idComuna) values (59,'12288390-6','ANDRES','RIOS','ANDRES.RIOS@gmail.com','956183028','Avenida Brasil',128);
insert into clientes (idCliente,rutCliente,nomCliente,apeCliente,emailCliente,telCliente,dirCliente,idComuna) values (60,'17938840-5','NATALIA','LLANOS','NATALIA.LLANOS@gmail.com','956183029','Avenida Ejército Libertador',15);
insert into clientes (idCliente,rutCliente,nomCliente,apeCliente,emailCliente,telCliente,dirCliente,idComuna) values (61,'14328348-8','ABRAHAM','GUAJARDO','ABRAHAM.GUAJARDO@gmail.com','956183030','Avenida General Rondizzoni',299);
insert into clientes (idCliente,rutCliente,nomCliente,apeCliente,emailCliente,telCliente,dirCliente,idComuna) values (62,'16715441-7','TIMOTEO','ALDERETE','TIMOTEO.ALDERETE@gmail.com','956183031','Avenida Libertador Bernardo O’Higgins',275);
insert into clientes (idCliente,rutCliente,nomCliente,apeCliente,emailCliente,telCliente,dirCliente,idComuna) values (63,'8286523-3','BENJAMIN','LEON','BENJAMIN.LEON@gmail.com','956183032','Avenida Manuel Antonio Matta',210);
insert into clientes (idCliente,rutCliente,nomCliente,apeCliente,emailCliente,telCliente,dirCliente,idComuna) values (64,'11159978-5','ISAAC','SAEZ','ISAAC.SAEZ@gmail.com','956183033','Avenida Matucana',61);
insert into clientes (idCliente,rutCliente,nomCliente,apeCliente,emailCliente,telCliente,dirCliente,idComuna) values (65,'23935427-0','BENJAMIN','ROGERS','BENJAMIN.ROGERS@gmail.com','956183034','Avenida San Diego',144);
insert into clientes (idCliente,rutCliente,nomCliente,apeCliente,emailCliente,telCliente,dirCliente,idComuna) values (66,'11578378-5','JAIME','CAROCA','JAIME.CAROCA@gmail.com','956183035','Calle Agustinas',180);
insert into clientes (idCliente,rutCliente,nomCliente,apeCliente,emailCliente,telCliente,dirCliente,idComuna) values (67,'15407129-6','LIDIA','GARATE','LIDIA.GARATE@gmail.com','956183036','Calle Bandera',3);
insert into clientes (idCliente,rutCliente,nomCliente,apeCliente,emailCliente,telCliente,dirCliente,idComuna) values (68,'15514048-8','MAIKOL','DIAZ','MAIKOL.DIAZ@gmail.com','956183037','Calle Catedral',261);
insert into clientes (idCliente,rutCliente,nomCliente,apeCliente,emailCliente,telCliente,dirCliente,idComuna) values (69,'10428160-5','BENJAMIN','CONTRERAS','BENJAMIN.CONTRERAS@gmail.com','956183038','Calle Compañía',288);
insert into clientes (idCliente,rutCliente,nomCliente,apeCliente,emailCliente,telCliente,dirCliente,idComuna) values (70,'11882876-3','ANTONIA','SAGREDO','ANTONIA.SAGREDO@gmail.com','956183039','Calle Esmeralda',287);
insert into clientes (idCliente,rutCliente,nomCliente,apeCliente,emailCliente,telCliente,dirCliente,idComuna) values (71,'13426050-5','BRUCE','ALDERETE','BRUCE.ALDERETE@gmail.com','956183040','Calle Franklin',243);
insert into clientes (idCliente,rutCliente,nomCliente,apeCliente,emailCliente,telCliente,dirCliente,idComuna) values (72,'9664631-3','PABLO','GARATE','PABLO.GARATE@gmail.com','956183041','Calle Ismael Valdés Vergara',254);
insert into clientes (idCliente,rutCliente,nomCliente,apeCliente,emailCliente,telCliente,dirCliente,idComuna) values (73,'10742312-5','ELIZABETH','MOLLER','ELIZABETH.MOLLER@gmail.com','956183042','Calle José Miguel de La Barra',51);
insert into clientes (idCliente,rutCliente,nomCliente,apeCliente,emailCliente,telCliente,dirCliente,idComuna) values (74,'14505406-0','SCARLET','GONZALEZ','SCARLET.GONZALEZ@gmail.com','956183043','Calle Mac-Iver',47);
insert into clientes (idCliente,rutCliente,nomCliente,apeCliente,emailCliente,telCliente,dirCliente,idComuna) values (75,'7510750-1','ALEJANDRO','SILVA','ALEJANDRO.SILVA@gmail.com','916583043','Calle Merced',148);
insert into clientes (idCliente,rutCliente,nomCliente,apeCliente,emailCliente,telCliente,dirCliente,idComuna) values (76,'14930902-0','ANA','DUARTE','ANA.DUARTE@gmail.com','916583044','Calle Monjitas',285);
insert into clientes (idCliente,rutCliente,nomCliente,apeCliente,emailCliente,telCliente,dirCliente,idComuna) values (77,'5478516-k','ANTONIO','CORNEJO','ANTONIO.CORNEJO@gmail.com','916583045','Calle de Morandé',189);
insert into clientes (idCliente,rutCliente,nomCliente,apeCliente,emailCliente,telCliente,dirCliente,idComuna) values (78,'19980282-8','TANIA','CACERES','TANIA.CACERES@gmail.com','916583046','Calle San Antonio',277);
insert into clientes (idCliente,rutCliente,nomCliente,apeCliente,emailCliente,telCliente,dirCliente,idComuna) values (79,'22390269-3','FERNANDO','SALAZAR','FERNANDO.SALAZAR@gmail.com','916583047','Calle Santo Domingo',228);
insert into clientes (idCliente,rutCliente,nomCliente,apeCliente,emailCliente,telCliente,dirCliente,idComuna) values (80,'22978844-2','ESTER','CORNEJO','ESTER.CORNEJO@gmail.com','916583048','Calle Victoria Subercaseaux',140);
insert into clientes (idCliente,rutCliente,nomCliente,apeCliente,emailCliente,telCliente,dirCliente,idComuna) values (81,'15133464-4','FERNANDO','SANDOVAL','FERNANDO.SANDOVAL@gmail.com','916583049','Calle 21 de Mayo',64);
insert into clientes (idCliente,rutCliente,nomCliente,apeCliente,emailCliente,telCliente,dirCliente,idComuna) values (82,'8510628-7','EMILIO','OLARRA','EMILIO.OLARRA@gmail.com','916583050','Paseo Ahumada',204);
insert into clientes (idCliente,rutCliente,nomCliente,apeCliente,emailCliente,telCliente,dirCliente,idComuna) values (83,'19847839-3','ANTONIO','CONTRERAS','ANTONIO.CONTRERAS@gmail.com','916583051','Paseo Estado',69);
insert into clientes (idCliente,rutCliente,nomCliente,apeCliente,emailCliente,telCliente,dirCliente,idComuna) values (84,'22976314-8','PABLO','GONZALEZ','PABLO.GONZALEZ@gmail.com','916583052','Paseo Huérfanos',177);
insert into clientes (idCliente,rutCliente,nomCliente,apeCliente,emailCliente,telCliente,dirCliente,idComuna) values (85,'7084015-4','VICTOR','CORVALAN','VICTOR.CORVALAN@gmail.com','916583053','Paseo Puente',16);
insert into clientes (idCliente,rutCliente,nomCliente,apeCliente,emailCliente,telCliente,dirCliente,idComuna) values (86,'9008297-3','JASIEL','CORNEJO','JASIEL.CORNEJO@gmail.com','916583054','Avenida Blanco Encalada',87);
insert into clientes (idCliente,rutCliente,nomCliente,apeCliente,emailCliente,telCliente,dirCliente,idComuna) values (87,'23390030-3','PABLO','DIAZ','PABLO.DIAZ@gmail.com','916583055','Avenida Brasil',39);
insert into clientes (idCliente,rutCliente,nomCliente,apeCliente,emailCliente,telCliente,dirCliente,idComuna) values (88,'19985941-2','JUAN','CARRENO','JUAN.CARRENO@gmail.com','916583056','Avenida Ejército Libertador',59);
insert into clientes (idCliente,rutCliente,nomCliente,apeCliente,emailCliente,telCliente,dirCliente,idComuna) values (89,'16366031-8','JOSUE','ARAYA','JOSUE.ARAYA@gmail.com','916583057','Avenida General Rondizzoni',62);
insert into clientes (idCliente,rutCliente,nomCliente,apeCliente,emailCliente,telCliente,dirCliente,idComuna) values (90,'16370649-0','TONY','CARVAJAL','TONY.CARVAJAL@gmail.com','916583058','Avenida Libertador Bernardo O’Higgins',333);
insert into clientes (idCliente,rutCliente,nomCliente,apeCliente,emailCliente,telCliente,dirCliente,idComuna) values (91,'17326731-2','TATIANA','FUENTES','TATIANA.FUENTES@gmail.com','916583059','Avenida Manuel Antonio Matta',308);
insert into clientes (idCliente,rutCliente,nomCliente,apeCliente,emailCliente,telCliente,dirCliente,idComuna) values (92,'18474807-k','IGNACIO','GOMEZ','IGNACIO.GOMEZ@gmail.com','916583060','Avenida Matucana',148);
insert into clientes (idCliente,rutCliente,nomCliente,apeCliente,emailCliente,telCliente,dirCliente,idComuna) values (93,'20887363-6','BELINDA','SALINAS','BELINDA.SALINAS@gmail.com','916583061','Avenida San Diego',325);
insert into clientes (idCliente,rutCliente,nomCliente,apeCliente,emailCliente,telCliente,dirCliente,idComuna) values (94,'14491718-9','MARTA','ALDERETE','MARTA.ALDERETE@gmail.com','916583062','Calle Agustinas',49);
insert into clientes (idCliente,rutCliente,nomCliente,apeCliente,emailCliente,telCliente,dirCliente,idComuna) values (95,'8103870-8','JOSEFA','SANTOS','JOSEFA.SANTOS@gmail.com','916583063','Calle Bandera',47);
insert into clientes (idCliente,rutCliente,nomCliente,apeCliente,emailCliente,telCliente,dirCliente,idComuna) values (96,'19128432-1','ESTER','CONTRERAS','ESTER.CONTRERAS@gmail.com','916583064','Calle Catedral',226);
insert into clientes (idCliente,rutCliente,nomCliente,apeCliente,emailCliente,telCliente,dirCliente,idComuna) values (97,'21469823-4','MARTA','COLIVORO','MARTA.COLIVORO@gmail.com','916583065','Calle Compañía',168);
insert into clientes (idCliente,rutCliente,nomCliente,apeCliente,emailCliente,telCliente,dirCliente,idComuna) values (98,'15176768-0','TATIANA','ARANEDA','TATIANA.ARANEDA@gmail.com','916583066','Calle Esmeralda',300);
insert into clientes (idCliente,rutCliente,nomCliente,apeCliente,emailCliente,telCliente,dirCliente,idComuna) values (99,'5204829-k','SERGIO','CONTRERAS','SERGIO.CONTRERAS@gmail.com','916583067','Calle Franklin',230);
insert into clientes (idCliente,rutCliente,nomCliente,apeCliente,emailCliente,telCliente,dirCliente,idComuna) values (100,'19937380-3','TOMAS','COLIVORO','TOMAS.COLIVORO@gmail.com','916583068','Calle Ismael Valdés Vergara',32);


insert into productos (idProducto,nomProducto,precioProducto,idCategoria,idMarca ) values (1,'azúcar',11834,3,8);
insert into productos (idProducto,nomProducto,precioProducto,idCategoria,idMarca ) values (2,'sal',10582,3,16);
insert into productos (idProducto,nomProducto,precioProducto,idCategoria,idMarca ) values (3,'arroz',9891,6,22);
insert into productos (idProducto,nomProducto,precioProducto,idCategoria,idMarca ) values (4,'harina',9942,6,20);
insert into productos (idProducto,nomProducto,precioProducto,idCategoria,idMarca ) values (5,'fideos',3651,6,1);
insert into productos (idProducto,nomProducto,precioProducto,idCategoria,idMarca ) values (6,'leche',1999,4,2);
insert into productos (idProducto,nomProducto,precioProducto,idCategoria,idMarca ) values (7,'aceite',3749,3,17);
insert into productos (idProducto,nomProducto,precioProducto,idCategoria,idMarca ) values (8,'condimentos',7866,3,16);
insert into productos (idProducto,nomProducto,precioProducto,idCategoria,idMarca ) values (9,'salsa tomate',10633,3,1);
insert into productos (idProducto,nomProducto,precioProducto,idCategoria,idMarca ) values (10,'queso rallado',858,4,7);
insert into productos (idProducto,nomProducto,precioProducto,idCategoria,idMarca ) values (11,'huevos',10708,3,16);
insert into productos (idProducto,nomProducto,precioProducto,idCategoria,idMarca ) values (12,'levadura',1267,3,3);
insert into productos (idProducto,nomProducto,precioProducto,idCategoria,idMarca ) values (13,'pan',636,3,3);
insert into productos (idProducto,nomProducto,precioProducto,idCategoria,idMarca ) values (14,'carne',1995,2,5);
insert into productos (idProducto,nomProducto,precioProducto,idCategoria,idMarca ) values (15,'yogur',8596,4,9);
insert into productos (idProducto,nomProducto,precioProducto,idCategoria,idMarca ) values (16,'margarina',431,4,8);
insert into productos (idProducto,nomProducto,precioProducto,idCategoria,idMarca ) values (17,'mantequilla',6417,4,7);
insert into productos (idProducto,nomProducto,precioProducto,idCategoria,idMarca ) values (18,'galletas',1931,3,11);
insert into productos (idProducto,nomProducto,precioProducto,idCategoria,idMarca ) values (19,'lechuga',7387,5,19);
insert into productos (idProducto,nomProducto,precioProducto,idCategoria,idMarca ) values (20,'tomate',12639,5,13);
insert into productos (idProducto,nomProducto,precioProducto,idCategoria,idMarca ) values (21,'cebolla',11752,5,12);
insert into productos (idProducto,nomProducto,precioProducto,idCategoria,idMarca ) values (22,'jabón blanco',10096,7,3);
insert into productos (idProducto,nomProducto,precioProducto,idCategoria,idMarca ) values (23,'jabón polvo',5457,7,2);
insert into productos (idProducto,nomProducto,precioProducto,idCategoria,idMarca ) values (24,'detergente',8327,7,22);
insert into productos (idProducto,nomProducto,precioProducto,idCategoria,idMarca ) values (25,'desinfectante',7482,7,10);
insert into productos (idProducto,nomProducto,precioProducto,idCategoria,idMarca ) values (26,'suavizante',2308,7,11);
insert into productos (idProducto,nomProducto,precioProducto,idCategoria,idMarca ) values (27,'lustramuebles',12390,7,1);
insert into productos (idProducto,nomProducto,precioProducto,idCategoria,idMarca ) values (28,'alcohol gel',10596,7,16);
insert into productos (idProducto,nomProducto,precioProducto,idCategoria,idMarca ) values (29,'cloro',10615,7,14);
insert into productos (idProducto,nomProducto,precioProducto,idCategoria,idMarca ) values (30,'insecticida',4570,7,18);
insert into productos (idProducto,nomProducto,precioProducto,idCategoria,idMarca ) values (31,'esponja',9508,7,4);
insert into productos (idProducto,nomProducto,precioProducto,idCategoria,idMarca ) values (32,'esponja acero',6683,7,6);
insert into productos (idProducto,nomProducto,precioProducto,idCategoria,idMarca ) values (33,'bolsas basura',3835,7,18);
insert into productos (idProducto,nomProducto,precioProducto,idCategoria,idMarca ) values (34,'guantes plástico',1647,7,20);
insert into productos (idProducto,nomProducto,precioProducto,idCategoria,idMarca ) values (35,'franelas',11619,7,17);
insert into productos (idProducto,nomProducto,precioProducto,idCategoria,idMarca ) values (36,'jabón',5609,8,3);
insert into productos (idProducto,nomProducto,precioProducto,idCategoria,idMarca ) values (37,'pasta dental',1080,8,11);
insert into productos (idProducto,nomProducto,precioProducto,idCategoria,idMarca ) values (38,'cepillo dientes',4499,8,7);
insert into productos (idProducto,nomProducto,precioProducto,idCategoria,idMarca ) values (39,'hilo dental',12323,8,15);
insert into productos (idProducto,nomProducto,precioProducto,idCategoria,idMarca ) values (40,'toallas higiénicas',3726,8,8);
insert into productos (idProducto,nomProducto,precioProducto,idCategoria,idMarca ) values (41,'pañuelos descartables',176,8,22);
insert into productos (idProducto,nomProducto,precioProducto,idCategoria,idMarca ) values (42,'crema afeitar',5417,8,1);
insert into productos (idProducto,nomProducto,precioProducto,idCategoria,idMarca ) values (43,'algodón',2875,8,22);
insert into productos (idProducto,nomProducto,precioProducto,idCategoria,idMarca ) values (44,'desodorante',7855,8,11);
insert into productos (idProducto,nomProducto,precioProducto,idCategoria,idMarca ) values (45,'shampoo',4689,8,3);
insert into productos (idProducto,nomProducto,precioProducto,idCategoria,idMarca ) values (46,'acondicionador',4564,8,6);
insert into productos (idProducto,nomProducto,precioProducto,idCategoria,idMarca ) values (47,'papel higiénico',7369,8,18);
insert into productos (idProducto,nomProducto,precioProducto,idCategoria,idMarca ) values (48,'agua oxigenada',5389,8,6);
insert into productos (idProducto,nomProducto,precioProducto,idCategoria,idMarca ) values (49,'gasas',1003,8,10);
insert into productos (idProducto,nomProducto,precioProducto,idCategoria,idMarca ) values (50,'adhesivo tela',6614,8,7);
insert into productos (idProducto,nomProducto,precioProducto,idCategoria,idMarca ) values (51,'banditas',6240,8,4);
insert into productos (idProducto,nomProducto,precioProducto,idCategoria,idMarca ) values (52,'papel aluminio',6280,9,17);
insert into productos (idProducto,nomProducto,precioProducto,idCategoria,idMarca ) values (53,'papel film',3799,9,14);
insert into productos (idProducto,nomProducto,precioProducto,idCategoria,idMarca ) values (54,'servilletas papel',6724,9,14);
insert into productos (idProducto,nomProducto,precioProducto,idCategoria,idMarca ) values (55,'papel de cocina',3584,9,5);
insert into productos (idProducto,nomProducto,precioProducto,idCategoria,idMarca ) values (56,'fósforos',10001,9,10);
insert into productos (idProducto,nomProducto,precioProducto,idCategoria,idMarca ) values (57,'velas',2441,9,19);
insert into productos (idProducto,nomProducto,precioProducto,idCategoria,idMarca ) values (58,'bombillas',3425,9,16);
insert into productos (idProducto,nomProducto,precioProducto,idCategoria,idMarca ) values (59,'cinta aislante',973,9,11);
insert into productos (idProducto,nomProducto,precioProducto,idCategoria,idMarca ) values (60,'cinta adhesiva',3452,9,3);



insert into ventas (idVenta,fecVenta,totVenta,idCliente ) values (1,'2020/04/24',0,49);
insert into ventas (idVenta,fecVenta,totVenta,idCliente ) values (2,'2020/01/21',0,83);
insert into ventas (idVenta,fecVenta,totVenta,idCliente ) values (3,'2020/01/03',0,80);
insert into ventas (idVenta,fecVenta,totVenta,idCliente ) values (4,'2020/01/19',0,19);
insert into ventas (idVenta,fecVenta,totVenta,idCliente ) values (5,'2020/01/16',0,3);
insert into ventas (idVenta,fecVenta,totVenta,idCliente ) values (6,'2020/03/25',0,36);
insert into ventas (idVenta,fecVenta,totVenta,idCliente ) values (7,'2020/03/06',0,85);
insert into ventas (idVenta,fecVenta,totVenta,idCliente ) values (8,'2020/01/08',0,94);
insert into ventas (idVenta,fecVenta,totVenta,idCliente ) values (9,'2020/02/21',0,94);
insert into ventas (idVenta,fecVenta,totVenta,idCliente ) values (10,'2020/02/20',0,80);
insert into ventas (idVenta,fecVenta,totVenta,idCliente ) values (11,'2020/03/26',0,57);
insert into ventas (idVenta,fecVenta,totVenta,idCliente ) values (12,'2020/03/14',0,36);
insert into ventas (idVenta,fecVenta,totVenta,idCliente ) values (13,'2020/02/19',0,4);
insert into ventas (idVenta,fecVenta,totVenta,idCliente ) values (14,'2020/01/20',0,32);
insert into ventas (idVenta,fecVenta,totVenta,idCliente ) values (15,'2020/04/22',0,58);
insert into ventas (idVenta,fecVenta,totVenta,idCliente ) values (16,'2020/04/13',0,67);
insert into ventas (idVenta,fecVenta,totVenta,idCliente ) values (17,'2020/04/13',0,84);
insert into ventas (idVenta,fecVenta,totVenta,idCliente ) values (18,'2020/04/22',0,87);
insert into ventas (idVenta,fecVenta,totVenta,idCliente ) values (19,'2020/01/17',0,31);
insert into ventas (idVenta,fecVenta,totVenta,idCliente ) values (20,'2020/03/29',0,81);
insert into ventas (idVenta,fecVenta,totVenta,idCliente ) values (21,'2020/03/24',0,30);
insert into ventas (idVenta,fecVenta,totVenta,idCliente ) values (22,'2020/02/11',0,91);
insert into ventas (idVenta,fecVenta,totVenta,idCliente ) values (23,'2020/02/20',0,70);
insert into ventas (idVenta,fecVenta,totVenta,idCliente ) values (24,'2020/03/26',0,43);
insert into ventas (idVenta,fecVenta,totVenta,idCliente ) values (25,'2020/03/02',0,53);
insert into ventas (idVenta,fecVenta,totVenta,idCliente ) values (26,'2020/03/10',0,55);
insert into ventas (idVenta,fecVenta,totVenta,idCliente ) values (27,'2020/01/11',0,22);
insert into ventas (idVenta,fecVenta,totVenta,idCliente ) values (28,'2020/02/02',0,5);
insert into ventas (idVenta,fecVenta,totVenta,idCliente ) values (29,'2020/01/10',0,5);
insert into ventas (idVenta,fecVenta,totVenta,idCliente ) values (30,'2020/02/10',0,60);
insert into ventas (idVenta,fecVenta,totVenta,idCliente ) values (31,'2020/04/06',0,1);
insert into ventas (idVenta,fecVenta,totVenta,idCliente ) values (32,'2020/02/29',0,10);
insert into ventas (idVenta,fecVenta,totVenta,idCliente ) values (33,'2020/01/23',0,98);
insert into ventas (idVenta,fecVenta,totVenta,idCliente ) values (34,'2020/03/27',0,83);
insert into ventas (idVenta,fecVenta,totVenta,idCliente ) values (35,'2020/04/17',0,79);
insert into ventas (idVenta,fecVenta,totVenta,idCliente ) values (36,'2020/04/15',0,58);
insert into ventas (idVenta,fecVenta,totVenta,idCliente ) values (37,'2020/01/16',0,34);
insert into ventas (idVenta,fecVenta,totVenta,idCliente ) values (38,'2020/01/30',0,60);
insert into ventas (idVenta,fecVenta,totVenta,idCliente ) values (39,'2020/04/12',0,43);
insert into ventas (idVenta,fecVenta,totVenta,idCliente ) values (40,'2020/04/13',0,65);
insert into ventas (idVenta,fecVenta,totVenta,idCliente ) values (41,'2020/02/02',0,23);
insert into ventas (idVenta,fecVenta,totVenta,idCliente ) values (42,'2020/01/23',0,26);
insert into ventas (idVenta,fecVenta,totVenta,idCliente ) values (43,'2020/02/07',0,31);
insert into ventas (idVenta,fecVenta,totVenta,idCliente ) values (44,'2020/03/02',0,42);
insert into ventas (idVenta,fecVenta,totVenta,idCliente ) values (45,'2020/04/17',0,96);
insert into ventas (idVenta,fecVenta,totVenta,idCliente ) values (46,'2020/01/23',0,21);
insert into ventas (idVenta,fecVenta,totVenta,idCliente ) values (47,'2020/03/29',0,42);
insert into ventas (idVenta,fecVenta,totVenta,idCliente ) values (48,'2020/02/28',0,41);
insert into ventas (idVenta,fecVenta,totVenta,idCliente ) values (49,'2020/01/08',0,87);
insert into ventas (idVenta,fecVenta,totVenta,idCliente ) values (50,'2020/03/27',0,58);
insert into ventas (idVenta,fecVenta,totVenta,idCliente ) values (51,'2020/02/16',0,16);
insert into ventas (idVenta,fecVenta,totVenta,idCliente ) values (52,'2020/03/02',0,80);
insert into ventas (idVenta,fecVenta,totVenta,idCliente ) values (53,'2020/04/10',0,47);
insert into ventas (idVenta,fecVenta,totVenta,idCliente ) values (54,'2020/03/18',0,66);
insert into ventas (idVenta,fecVenta,totVenta,idCliente ) values (55,'2020/01/29',0,19);
insert into ventas (idVenta,fecVenta,totVenta,idCliente ) values (56,'2020/03/28',0,1);
insert into ventas (idVenta,fecVenta,totVenta,idCliente ) values (57,'2020/03/28',0,37);
insert into ventas (idVenta,fecVenta,totVenta,idCliente ) values (58,'2020/03/29',0,29);
insert into ventas (idVenta,fecVenta,totVenta,idCliente ) values (59,'2020/04/04',0,85);
insert into ventas (idVenta,fecVenta,totVenta,idCliente ) values (60,'2020/04/13',0,47);
insert into ventas (idVenta,fecVenta,totVenta,idCliente ) values (61,'2020/02/10',0,47);
insert into ventas (idVenta,fecVenta,totVenta,idCliente ) values (62,'2020/03/07',0,85);
insert into ventas (idVenta,fecVenta,totVenta,idCliente ) values (63,'2020/04/19',0,66);
insert into ventas (idVenta,fecVenta,totVenta,idCliente ) values (64,'2020/01/25',0,38);
insert into ventas (idVenta,fecVenta,totVenta,idCliente ) values (65,'2020/03/24',0,30);
insert into ventas (idVenta,fecVenta,totVenta,idCliente ) values (66,'2020/04/08',0,92);
insert into ventas (idVenta,fecVenta,totVenta,idCliente ) values (67,'2020/02/01',0,65);
insert into ventas (idVenta,fecVenta,totVenta,idCliente ) values (68,'2020/04/15',0,10);
insert into ventas (idVenta,fecVenta,totVenta,idCliente ) values (69,'2020/03/26',0,9);
insert into ventas (idVenta,fecVenta,totVenta,idCliente ) values (70,'2020/03/19',0,77);
insert into ventas (idVenta,fecVenta,totVenta,idCliente ) values (71,'2020/03/07',0,60);
insert into ventas (idVenta,fecVenta,totVenta,idCliente ) values (72,'2020/01/22',0,1);
insert into ventas (idVenta,fecVenta,totVenta,idCliente ) values (73,'2020/03/23',0,54);
insert into ventas (idVenta,fecVenta,totVenta,idCliente ) values (74,'2020/03/13',0,33);
insert into ventas (idVenta,fecVenta,totVenta,idCliente ) values (75,'2020/01/19',0,16);
insert into ventas (idVenta,fecVenta,totVenta,idCliente ) values (76,'2020/01/23',0,33);
insert into ventas (idVenta,fecVenta,totVenta,idCliente ) values (77,'2020/02/07',0,47);
insert into ventas (idVenta,fecVenta,totVenta,idCliente ) values (78,'2020/01/10',0,66);
insert into ventas (idVenta,fecVenta,totVenta,idCliente ) values (79,'2020/02/08',0,86);
insert into ventas (idVenta,fecVenta,totVenta,idCliente ) values (80,'2020/04/07',0,86);
insert into ventas (idVenta,fecVenta,totVenta,idCliente ) values (81,'2020/03/05',0,8);
insert into ventas (idVenta,fecVenta,totVenta,idCliente ) values (82,'2020/02/07',0,79);
insert into ventas (idVenta,fecVenta,totVenta,idCliente ) values (83,'2020/04/17',0,62);
insert into ventas (idVenta,fecVenta,totVenta,idCliente ) values (84,'2020/02/12',0,47);
insert into ventas (idVenta,fecVenta,totVenta,idCliente ) values (85,'2020/01/05',0,69);
insert into ventas (idVenta,fecVenta,totVenta,idCliente ) values (86,'2020/04/23',0,20);
insert into ventas (idVenta,fecVenta,totVenta,idCliente ) values (87,'2020/03/12',0,42);
insert into ventas (idVenta,fecVenta,totVenta,idCliente ) values (88,'2020/02/18',0,9);
insert into ventas (idVenta,fecVenta,totVenta,idCliente ) values (89,'2020/02/16',0,38);
insert into ventas (idVenta,fecVenta,totVenta,idCliente ) values (90,'2020/02/07',0,12);
insert into ventas (idVenta,fecVenta,totVenta,idCliente ) values (91,'2020/02/10',0,64);
insert into ventas (idVenta,fecVenta,totVenta,idCliente ) values (92,'2020/01/24',0,54);
insert into ventas (idVenta,fecVenta,totVenta,idCliente ) values (93,'2020/04/11',0,91);
insert into ventas (idVenta,fecVenta,totVenta,idCliente ) values (94,'2020/02/02',0,30);
insert into ventas (idVenta,fecVenta,totVenta,idCliente ) values (95,'2020/04/01',0,38);
insert into ventas (idVenta,fecVenta,totVenta,idCliente ) values (96,'2020/01/11',0,60);
insert into ventas (idVenta,fecVenta,totVenta,idCliente ) values (97,'2020/04/13',0,90);


insert into detalleVentas (idDetVenta,cantDetVenta,precioDetVenta,totalDetVenta,idVenta,idProducto) values (1001,5,2611,13055,76,33);
insert into detalleVentas (idDetVenta,cantDetVenta,precioDetVenta,totalDetVenta,idVenta,idProducto) values (1002,9,2535,22815,60,45);
insert into detalleVentas (idDetVenta,cantDetVenta,precioDetVenta,totalDetVenta,idVenta,idProducto) values (1003,7,2992,20944,46,4);
insert into detalleVentas (idDetVenta,cantDetVenta,precioDetVenta,totalDetVenta,idVenta,idProducto) values (1004,5,8043,40215,35,33);
insert into detalleVentas (idDetVenta,cantDetVenta,precioDetVenta,totalDetVenta,idVenta,idProducto) values (1005,10,5354,53540,2,17);
insert into detalleVentas (idDetVenta,cantDetVenta,precioDetVenta,totalDetVenta,idVenta,idProducto) values (1006,2,2891,5782,84,22);
insert into detalleVentas (idDetVenta,cantDetVenta,precioDetVenta,totalDetVenta,idVenta,idProducto) values (1007,3,8573,25719,20,53);
insert into detalleVentas (idDetVenta,cantDetVenta,precioDetVenta,totalDetVenta,idVenta,idProducto) values (1008,9,5906,53154,76,36);
insert into detalleVentas (idDetVenta,cantDetVenta,precioDetVenta,totalDetVenta,idVenta,idProducto) values (1009,7,3095,21665,62,4);
insert into detalleVentas (idDetVenta,cantDetVenta,precioDetVenta,totalDetVenta,idVenta,idProducto) values (1010,13,3869,50297,66,55);
insert into detalleVentas (idDetVenta,cantDetVenta,precioDetVenta,totalDetVenta,idVenta,idProducto) values (1011,4,9778,39112,36,10);
insert into detalleVentas (idDetVenta,cantDetVenta,precioDetVenta,totalDetVenta,idVenta,idProducto) values (1012,9,3791,34119,60,33);
insert into detalleVentas (idDetVenta,cantDetVenta,precioDetVenta,totalDetVenta,idVenta,idProducto) values (1013,3,2979,8937,44,45);
insert into detalleVentas (idDetVenta,cantDetVenta,precioDetVenta,totalDetVenta,idVenta,idProducto) values (1014,3,5604,16812,73,45);
insert into detalleVentas (idDetVenta,cantDetVenta,precioDetVenta,totalDetVenta,idVenta,idProducto) values (1015,6,5387,32322,9,46);
insert into detalleVentas (idDetVenta,cantDetVenta,precioDetVenta,totalDetVenta,idVenta,idProducto) values (1016,5,4944,24720,39,42);
insert into detalleVentas (idDetVenta,cantDetVenta,precioDetVenta,totalDetVenta,idVenta,idProducto) values (1017,1,7895,7895,27,7);
insert into detalleVentas (idDetVenta,cantDetVenta,precioDetVenta,totalDetVenta,idVenta,idProducto) values (1018,6,1463,8778,61,41);
insert into detalleVentas (idDetVenta,cantDetVenta,precioDetVenta,totalDetVenta,idVenta,idProducto) values (1019,12,9465,113580,37,41);
insert into detalleVentas (idDetVenta,cantDetVenta,precioDetVenta,totalDetVenta,idVenta,idProducto) values (1020,9,9304,83736,87,43);
insert into detalleVentas (idDetVenta,cantDetVenta,precioDetVenta,totalDetVenta,idVenta,idProducto) values (1021,13,1820,23660,42,22);
insert into detalleVentas (idDetVenta,cantDetVenta,precioDetVenta,totalDetVenta,idVenta,idProducto) values (1022,11,7301,80311,87,19);
insert into detalleVentas (idDetVenta,cantDetVenta,precioDetVenta,totalDetVenta,idVenta,idProducto) values (1023,7,3454,24178,56,17);
insert into detalleVentas (idDetVenta,cantDetVenta,precioDetVenta,totalDetVenta,idVenta,idProducto) values (1024,12,193,2316,92,33);
insert into detalleVentas (idDetVenta,cantDetVenta,precioDetVenta,totalDetVenta,idVenta,idProducto) values (1025,11,7864,86504,41,30);
insert into detalleVentas (idDetVenta,cantDetVenta,precioDetVenta,totalDetVenta,idVenta,idProducto) values (1026,7,8205,57435,34,47);
insert into detalleVentas (idDetVenta,cantDetVenta,precioDetVenta,totalDetVenta,idVenta,idProducto) values (1027,6,1039,6234,69,49);
insert into detalleVentas (idDetVenta,cantDetVenta,precioDetVenta,totalDetVenta,idVenta,idProducto) values (1028,10,7546,75460,63,60);
insert into detalleVentas (idDetVenta,cantDetVenta,precioDetVenta,totalDetVenta,idVenta,idProducto) values (1029,5,5042,25210,15,8);
insert into detalleVentas (idDetVenta,cantDetVenta,precioDetVenta,totalDetVenta,idVenta,idProducto) values (1030,7,632,4424,23,10);
insert into detalleVentas (idDetVenta,cantDetVenta,precioDetVenta,totalDetVenta,idVenta,idProducto) values (1031,4,8610,34440,81,20);
insert into detalleVentas (idDetVenta,cantDetVenta,precioDetVenta,totalDetVenta,idVenta,idProducto) values (1032,3,906,2718,9,1);
insert into detalleVentas (idDetVenta,cantDetVenta,precioDetVenta,totalDetVenta,idVenta,idProducto) values (1033,10,2074,20740,79,16);
insert into detalleVentas (idDetVenta,cantDetVenta,precioDetVenta,totalDetVenta,idVenta,idProducto) values (1034,1,3304,3304,26,15);
insert into detalleVentas (idDetVenta,cantDetVenta,precioDetVenta,totalDetVenta,idVenta,idProducto) values (1035,6,8683,52098,28,26);
insert into detalleVentas (idDetVenta,cantDetVenta,precioDetVenta,totalDetVenta,idVenta,idProducto) values (1036,3,2015,6045,78,9);
insert into detalleVentas (idDetVenta,cantDetVenta,precioDetVenta,totalDetVenta,idVenta,idProducto) values (1037,9,6058,54522,69,20);
insert into detalleVentas (idDetVenta,cantDetVenta,precioDetVenta,totalDetVenta,idVenta,idProducto) values (1038,13,4676,60788,21,30);
insert into detalleVentas (idDetVenta,cantDetVenta,precioDetVenta,totalDetVenta,idVenta,idProducto) values (1039,4,7318,29272,59,55);
insert into detalleVentas (idDetVenta,cantDetVenta,precioDetVenta,totalDetVenta,idVenta,idProducto) values (1040,7,4568,31976,1,57);
insert into detalleVentas (idDetVenta,cantDetVenta,precioDetVenta,totalDetVenta,idVenta,idProducto) values (1041,10,9328,93280,44,3);
insert into detalleVentas (idDetVenta,cantDetVenta,precioDetVenta,totalDetVenta,idVenta,idProducto) values (1042,11,8767,96437,60,42);
insert into detalleVentas (idDetVenta,cantDetVenta,precioDetVenta,totalDetVenta,idVenta,idProducto) values (1043,7,408,2856,85,42);
insert into detalleVentas (idDetVenta,cantDetVenta,precioDetVenta,totalDetVenta,idVenta,idProducto) values (1044,3,7178,21534,60,56);
insert into detalleVentas (idDetVenta,cantDetVenta,precioDetVenta,totalDetVenta,idVenta,idProducto) values (1045,12,4174,50088,10,28);
insert into detalleVentas (idDetVenta,cantDetVenta,precioDetVenta,totalDetVenta,idVenta,idProducto) values (1046,8,9470,75760,85,59);
insert into detalleVentas (idDetVenta,cantDetVenta,precioDetVenta,totalDetVenta,idVenta,idProducto) values (1047,6,201,1206,58,56);
insert into detalleVentas (idDetVenta,cantDetVenta,precioDetVenta,totalDetVenta,idVenta,idProducto) values (1048,10,4133,41330,91,47);
insert into detalleVentas (idDetVenta,cantDetVenta,precioDetVenta,totalDetVenta,idVenta,idProducto) values (1049,1,2937,2937,12,28);
insert into detalleVentas (idDetVenta,cantDetVenta,precioDetVenta,totalDetVenta,idVenta,idProducto) values (1050,6,2108,12648,2,56);
insert into detalleVentas (idDetVenta,cantDetVenta,precioDetVenta,totalDetVenta,idVenta,idProducto) values (1051,5,5609,28045,20,28);
insert into detalleVentas (idDetVenta,cantDetVenta,precioDetVenta,totalDetVenta,idVenta,idProducto) values (1052,5,5357,26785,23,53);
insert into detalleVentas (idDetVenta,cantDetVenta,precioDetVenta,totalDetVenta,idVenta,idProducto) values (1053,11,9597,105567,6,41);
insert into detalleVentas (idDetVenta,cantDetVenta,precioDetVenta,totalDetVenta,idVenta,idProducto) values (1054,4,6166,24664,6,10);
insert into detalleVentas (idDetVenta,cantDetVenta,precioDetVenta,totalDetVenta,idVenta,idProducto) values (1055,12,1389,16668,6,52);
insert into detalleVentas (idDetVenta,cantDetVenta,precioDetVenta,totalDetVenta,idVenta,idProducto) values (1056,9,4100,36900,2,32);
insert into detalleVentas (idDetVenta,cantDetVenta,precioDetVenta,totalDetVenta,idVenta,idProducto) values (1057,7,2447,17129,24,50);
insert into detalleVentas (idDetVenta,cantDetVenta,precioDetVenta,totalDetVenta,idVenta,idProducto) values (1058,8,4929,39432,65,8);
insert into detalleVentas (idDetVenta,cantDetVenta,precioDetVenta,totalDetVenta,idVenta,idProducto) values (1059,8,9638,77104,86,50);
insert into detalleVentas (idDetVenta,cantDetVenta,precioDetVenta,totalDetVenta,idVenta,idProducto) values (1060,2,7079,14158,76,14);
insert into detalleVentas (idDetVenta,cantDetVenta,precioDetVenta,totalDetVenta,idVenta,idProducto) values (1061,3,9371,28113,90,24);
insert into detalleVentas (idDetVenta,cantDetVenta,precioDetVenta,totalDetVenta,idVenta,idProducto) values (1062,10,8581,85810,28,52);
insert into detalleVentas (idDetVenta,cantDetVenta,precioDetVenta,totalDetVenta,idVenta,idProducto) values (1063,3,6763,20289,56,2);
insert into detalleVentas (idDetVenta,cantDetVenta,precioDetVenta,totalDetVenta,idVenta,idProducto) values (1064,12,3777,45324,15,47);
insert into detalleVentas (idDetVenta,cantDetVenta,precioDetVenta,totalDetVenta,idVenta,idProducto) values (1065,8,4403,35224,79,30);
insert into detalleVentas (idDetVenta,cantDetVenta,precioDetVenta,totalDetVenta,idVenta,idProducto) values (1066,5,2304,11520,78,20);
insert into detalleVentas (idDetVenta,cantDetVenta,precioDetVenta,totalDetVenta,idVenta,idProducto) values (1067,12,7267,87204,10,35);
insert into detalleVentas (idDetVenta,cantDetVenta,precioDetVenta,totalDetVenta,idVenta,idProducto) values (1068,13,2676,34788,89,59);
insert into detalleVentas (idDetVenta,cantDetVenta,precioDetVenta,totalDetVenta,idVenta,idProducto) values (1069,1,101,101,81,19);
insert into detalleVentas (idDetVenta,cantDetVenta,precioDetVenta,totalDetVenta,idVenta,idProducto) values (1070,7,4756,33292,47,34);
insert into detalleVentas (idDetVenta,cantDetVenta,precioDetVenta,totalDetVenta,idVenta,idProducto) values (1071,1,9474,9474,65,4);
insert into detalleVentas (idDetVenta,cantDetVenta,precioDetVenta,totalDetVenta,idVenta,idProducto) values (1072,6,9385,56310,64,57);
insert into detalleVentas (idDetVenta,cantDetVenta,precioDetVenta,totalDetVenta,idVenta,idProducto) values (1073,3,5109,15327,57,58);
insert into detalleVentas (idDetVenta,cantDetVenta,precioDetVenta,totalDetVenta,idVenta,idProducto) values (1074,12,5798,69576,72,37);
insert into detalleVentas (idDetVenta,cantDetVenta,precioDetVenta,totalDetVenta,idVenta,idProducto) values (1075,4,1093,4372,63,60);
insert into detalleVentas (idDetVenta,cantDetVenta,precioDetVenta,totalDetVenta,idVenta,idProducto) values (1076,7,2341,16387,63,20);
insert into detalleVentas (idDetVenta,cantDetVenta,precioDetVenta,totalDetVenta,idVenta,idProducto) values (1077,1,221,221,31,58);
insert into detalleVentas (idDetVenta,cantDetVenta,precioDetVenta,totalDetVenta,idVenta,idProducto) values (1078,11,6891,75801,65,50);
insert into detalleVentas (idDetVenta,cantDetVenta,precioDetVenta,totalDetVenta,idVenta,idProducto) values (1079,12,1707,20484,40,2);
insert into detalleVentas (idDetVenta,cantDetVenta,precioDetVenta,totalDetVenta,idVenta,idProducto) values (1080,12,4889,58668,77,50);
insert into detalleVentas (idDetVenta,cantDetVenta,precioDetVenta,totalDetVenta,idVenta,idProducto) values (1081,1,7050,7050,63,49);
insert into detalleVentas (idDetVenta,cantDetVenta,precioDetVenta,totalDetVenta,idVenta,idProducto) values (1082,9,9563,86067,40,48);
insert into detalleVentas (idDetVenta,cantDetVenta,precioDetVenta,totalDetVenta,idVenta,idProducto) values (1083,2,671,1342,84,32);
insert into detalleVentas (idDetVenta,cantDetVenta,precioDetVenta,totalDetVenta,idVenta,idProducto) values (1084,6,4302,25812,65,37);
insert into detalleVentas (idDetVenta,cantDetVenta,precioDetVenta,totalDetVenta,idVenta,idProducto) values (1085,7,7694,53858,44,19);
insert into detalleVentas (idDetVenta,cantDetVenta,precioDetVenta,totalDetVenta,idVenta,idProducto) values (1086,11,6256,68816,43,8);
insert into detalleVentas (idDetVenta,cantDetVenta,precioDetVenta,totalDetVenta,idVenta,idProducto) values (1087,6,5311,31866,14,2);
insert into detalleVentas (idDetVenta,cantDetVenta,precioDetVenta,totalDetVenta,idVenta,idProducto) values (1088,5,3085,15425,79,37);
insert into detalleVentas (idDetVenta,cantDetVenta,precioDetVenta,totalDetVenta,idVenta,idProducto) values (1089,6,885,5310,68,4);
insert into detalleVentas (idDetVenta,cantDetVenta,precioDetVenta,totalDetVenta,idVenta,idProducto) values (1090,4,4841,19364,14,48);
insert into detalleVentas (idDetVenta,cantDetVenta,precioDetVenta,totalDetVenta,idVenta,idProducto) values (1091,13,5728,74464,96,39);
insert into detalleVentas (idDetVenta,cantDetVenta,precioDetVenta,totalDetVenta,idVenta,idProducto) values (1092,1,727,727,92,16);
insert into detalleVentas (idDetVenta,cantDetVenta,precioDetVenta,totalDetVenta,idVenta,idProducto) values (1093,3,5624,16872,12,16);
insert into detalleVentas (idDetVenta,cantDetVenta,precioDetVenta,totalDetVenta,idVenta,idProducto) values (1094,9,4160,37440,91,45);
insert into detalleVentas (idDetVenta,cantDetVenta,precioDetVenta,totalDetVenta,idVenta,idProducto) values (1095,2,6397,12794,31,44);
insert into detalleVentas (idDetVenta,cantDetVenta,precioDetVenta,totalDetVenta,idVenta,idProducto) values (1096,8,6766,54128,49,53);
insert into detalleVentas (idDetVenta,cantDetVenta,precioDetVenta,totalDetVenta,idVenta,idProducto) values (1097,4,3007,12028,13,5);
insert into detalleVentas (idDetVenta,cantDetVenta,precioDetVenta,totalDetVenta,idVenta,idProducto) values (1098,6,9822,58932,39,44);
insert into detalleVentas (idDetVenta,cantDetVenta,precioDetVenta,totalDetVenta,idVenta,idProducto) values (1099,12,5323,63876,24,52);
insert into detalleVentas (idDetVenta,cantDetVenta,precioDetVenta,totalDetVenta,idVenta,idProducto) values (1100,13,8298,107874,18,24);
insert into detalleVentas (idDetVenta,cantDetVenta,precioDetVenta,totalDetVenta,idVenta,idProducto) values (1101,1,192,192,39,22);
insert into detalleVentas (idDetVenta,cantDetVenta,precioDetVenta,totalDetVenta,idVenta,idProducto) values (1102,2,678,1356,31,30);
insert into detalleVentas (idDetVenta,cantDetVenta,precioDetVenta,totalDetVenta,idVenta,idProducto) values (1103,12,483,5796,86,59);
insert into detalleVentas (idDetVenta,cantDetVenta,precioDetVenta,totalDetVenta,idVenta,idProducto) values (1104,9,9195,82755,30,14);
insert into detalleVentas (idDetVenta,cantDetVenta,precioDetVenta,totalDetVenta,idVenta,idProducto) values (1105,5,1509,7545,67,42);
insert into detalleVentas (idDetVenta,cantDetVenta,precioDetVenta,totalDetVenta,idVenta,idProducto) values (1106,13,2345,30485,8,51);
insert into detalleVentas (idDetVenta,cantDetVenta,precioDetVenta,totalDetVenta,idVenta,idProducto) values (1107,12,9819,117828,8,5);
insert into detalleVentas (idDetVenta,cantDetVenta,precioDetVenta,totalDetVenta,idVenta,idProducto) values (1108,2,3215,6430,38,33);
insert into detalleVentas (idDetVenta,cantDetVenta,precioDetVenta,totalDetVenta,idVenta,idProducto) values (1109,4,4693,18772,87,5);
insert into detalleVentas (idDetVenta,cantDetVenta,precioDetVenta,totalDetVenta,idVenta,idProducto) values (1110,2,2971,5942,21,43);
insert into detalleVentas (idDetVenta,cantDetVenta,precioDetVenta,totalDetVenta,idVenta,idProducto) values (1111,6,2195,13170,19,10);
insert into detalleVentas (idDetVenta,cantDetVenta,precioDetVenta,totalDetVenta,idVenta,idProducto) values (1112,8,9267,74136,64,2);
insert into detalleVentas (idDetVenta,cantDetVenta,precioDetVenta,totalDetVenta,idVenta,idProducto) values (1113,2,5317,10634,64,55);
insert into detalleVentas (idDetVenta,cantDetVenta,precioDetVenta,totalDetVenta,idVenta,idProducto) values (1114,12,9295,111540,21,16);
insert into detalleVentas (idDetVenta,cantDetVenta,precioDetVenta,totalDetVenta,idVenta,idProducto) values (1115,13,8397,109161,46,39);
insert into detalleVentas (idDetVenta,cantDetVenta,precioDetVenta,totalDetVenta,idVenta,idProducto) values (1116,7,4674,32718,74,26);
insert into detalleVentas (idDetVenta,cantDetVenta,precioDetVenta,totalDetVenta,idVenta,idProducto) values (1117,5,7787,38935,50,19);
insert into detalleVentas (idDetVenta,cantDetVenta,precioDetVenta,totalDetVenta,idVenta,idProducto) values (1118,11,2051,22561,95,26);
insert into detalleVentas (idDetVenta,cantDetVenta,precioDetVenta,totalDetVenta,idVenta,idProducto) values (1119,6,7635,45810,63,34);
insert into detalleVentas (idDetVenta,cantDetVenta,precioDetVenta,totalDetVenta,idVenta,idProducto) values (1120,4,3144,12576,97,35);
insert into detalleVentas (idDetVenta,cantDetVenta,precioDetVenta,totalDetVenta,idVenta,idProducto) values (1121,7,8014,56098,59,51);
insert into detalleVentas (idDetVenta,cantDetVenta,precioDetVenta,totalDetVenta,idVenta,idProducto) values (1122,7,8489,59423,55,45);
insert into detalleVentas (idDetVenta,cantDetVenta,precioDetVenta,totalDetVenta,idVenta,idProducto) values (1123,9,5445,49005,74,16);
insert into detalleVentas (idDetVenta,cantDetVenta,precioDetVenta,totalDetVenta,idVenta,idProducto) values (1124,8,8803,70424,48,14);
insert into detalleVentas (idDetVenta,cantDetVenta,precioDetVenta,totalDetVenta,idVenta,idProducto) values (1125,2,9140,18280,5,53);
insert into detalleVentas (idDetVenta,cantDetVenta,precioDetVenta,totalDetVenta,idVenta,idProducto) values (1126,1,3197,3197,52,35);
insert into detalleVentas (idDetVenta,cantDetVenta,precioDetVenta,totalDetVenta,idVenta,idProducto) values (1127,5,8807,44035,35,34);
insert into detalleVentas (idDetVenta,cantDetVenta,precioDetVenta,totalDetVenta,idVenta,idProducto) values (1128,10,6969,69690,76,44);
insert into detalleVentas (idDetVenta,cantDetVenta,precioDetVenta,totalDetVenta,idVenta,idProducto) values (1129,13,5795,75335,49,20);
insert into detalleVentas (idDetVenta,cantDetVenta,precioDetVenta,totalDetVenta,idVenta,idProducto) values (1130,9,5815,52335,8,6);
insert into detalleVentas (idDetVenta,cantDetVenta,precioDetVenta,totalDetVenta,idVenta,idProducto) values (1131,9,2063,18567,33,44);
insert into detalleVentas (idDetVenta,cantDetVenta,precioDetVenta,totalDetVenta,idVenta,idProducto) values (1132,6,8628,51768,86,55);
insert into detalleVentas (idDetVenta,cantDetVenta,precioDetVenta,totalDetVenta,idVenta,idProducto) values (1133,6,9255,55530,15,26);
insert into detalleVentas (idDetVenta,cantDetVenta,precioDetVenta,totalDetVenta,idVenta,idProducto) values (1134,3,8779,26337,97,36);
insert into detalleVentas (idDetVenta,cantDetVenta,precioDetVenta,totalDetVenta,idVenta,idProducto) values (1135,5,4909,24545,92,36);
insert into detalleVentas (idDetVenta,cantDetVenta,precioDetVenta,totalDetVenta,idVenta,idProducto) values (1136,9,9648,86832,85,30);
insert into detalleVentas (idDetVenta,cantDetVenta,precioDetVenta,totalDetVenta,idVenta,idProducto) values (1137,11,87,957,49,49);
insert into detalleVentas (idDetVenta,cantDetVenta,precioDetVenta,totalDetVenta,idVenta,idProducto) values (1138,5,6961,34805,7,42);
insert into detalleVentas (idDetVenta,cantDetVenta,precioDetVenta,totalDetVenta,idVenta,idProducto) values (1139,4,3652,14608,4,3);
insert into detalleVentas (idDetVenta,cantDetVenta,precioDetVenta,totalDetVenta,idVenta,idProducto) values (1140,10,8141,81410,45,2);
insert into detalleVentas (idDetVenta,cantDetVenta,precioDetVenta,totalDetVenta,idVenta,idProducto) values (1141,2,5905,11810,63,7);
insert into detalleVentas (idDetVenta,cantDetVenta,precioDetVenta,totalDetVenta,idVenta,idProducto) values (1142,3,3305,9915,42,7);
insert into detalleVentas (idDetVenta,cantDetVenta,precioDetVenta,totalDetVenta,idVenta,idProducto) values (1143,4,6174,24696,20,52);
insert into detalleVentas (idDetVenta,cantDetVenta,precioDetVenta,totalDetVenta,idVenta,idProducto) values (1144,11,4029,44319,65,48);
insert into detalleVentas (idDetVenta,cantDetVenta,precioDetVenta,totalDetVenta,idVenta,idProducto) values (1145,9,2380,21420,88,38);
insert into detalleVentas (idDetVenta,cantDetVenta,precioDetVenta,totalDetVenta,idVenta,idProducto) values (1146,11,5409,59499,28,46);
insert into detalleVentas (idDetVenta,cantDetVenta,precioDetVenta,totalDetVenta,idVenta,idProducto) values (1147,3,1306,3918,15,55);
insert into detalleVentas (idDetVenta,cantDetVenta,precioDetVenta,totalDetVenta,idVenta,idProducto) values (1148,6,5159,30954,81,60);
insert into detalleVentas (idDetVenta,cantDetVenta,precioDetVenta,totalDetVenta,idVenta,idProducto) values (1149,12,436,5232,17,36);
insert into detalleVentas (idDetVenta,cantDetVenta,precioDetVenta,totalDetVenta,idVenta,idProducto) values (1150,9,1455,13095,27,19);
insert into detalleVentas (idDetVenta,cantDetVenta,precioDetVenta,totalDetVenta,idVenta,idProducto) values (1151,12,6192,74304,94,53);
insert into detalleVentas (idDetVenta,cantDetVenta,precioDetVenta,totalDetVenta,idVenta,idProducto) values (1152,1,2338,2338,11,28);
insert into detalleVentas (idDetVenta,cantDetVenta,precioDetVenta,totalDetVenta,idVenta,idProducto) values (1153,4,6352,25408,42,50);
insert into detalleVentas (idDetVenta,cantDetVenta,precioDetVenta,totalDetVenta,idVenta,idProducto) values (1154,7,6202,43414,36,41);
insert into detalleVentas (idDetVenta,cantDetVenta,precioDetVenta,totalDetVenta,idVenta,idProducto) values (1155,13,821,10673,71,3);
insert into detalleVentas (idDetVenta,cantDetVenta,precioDetVenta,totalDetVenta,idVenta,idProducto) values (1156,1,4877,4877,1,13);
insert into detalleVentas (idDetVenta,cantDetVenta,precioDetVenta,totalDetVenta,idVenta,idProducto) values (1157,11,8116,89276,40,40);
insert into detalleVentas (idDetVenta,cantDetVenta,precioDetVenta,totalDetVenta,idVenta,idProducto) values (1158,3,5829,17487,5,38);
insert into detalleVentas (idDetVenta,cantDetVenta,precioDetVenta,totalDetVenta,idVenta,idProducto) values (1159,1,6051,6051,76,3);
insert into detalleVentas (idDetVenta,cantDetVenta,precioDetVenta,totalDetVenta,idVenta,idProducto) values (1160,13,6283,81679,1,39);
insert into detalleVentas (idDetVenta,cantDetVenta,precioDetVenta,totalDetVenta,idVenta,idProducto) values (1161,13,7845,101985,6,44);
insert into detalleVentas (idDetVenta,cantDetVenta,precioDetVenta,totalDetVenta,idVenta,idProducto) values (1162,12,583,6996,4,19);
insert into detalleVentas (idDetVenta,cantDetVenta,precioDetVenta,totalDetVenta,idVenta,idProducto) values (1163,13,9250,120250,4,11);
insert into detalleVentas (idDetVenta,cantDetVenta,precioDetVenta,totalDetVenta,idVenta,idProducto) values (1164,1,5383,5383,21,3);
insert into detalleVentas (idDetVenta,cantDetVenta,precioDetVenta,totalDetVenta,idVenta,idProducto) values (1165,7,5703,39921,66,50);
insert into detalleVentas (idDetVenta,cantDetVenta,precioDetVenta,totalDetVenta,idVenta,idProducto) values (1166,2,3709,7418,2,23);
insert into detalleVentas (idDetVenta,cantDetVenta,precioDetVenta,totalDetVenta,idVenta,idProducto) values (1167,13,3553,46189,33,40);
insert into detalleVentas (idDetVenta,cantDetVenta,precioDetVenta,totalDetVenta,idVenta,idProducto) values (1168,2,6079,12158,85,60);
insert into detalleVentas (idDetVenta,cantDetVenta,precioDetVenta,totalDetVenta,idVenta,idProducto) values (1169,8,9286,74288,70,58);
insert into detalleVentas (idDetVenta,cantDetVenta,precioDetVenta,totalDetVenta,idVenta,idProducto) values (1170,10,7921,79210,51,29);
insert into detalleVentas (idDetVenta,cantDetVenta,precioDetVenta,totalDetVenta,idVenta,idProducto) values (1171,6,9062,54372,15,36);
insert into detalleVentas (idDetVenta,cantDetVenta,precioDetVenta,totalDetVenta,idVenta,idProducto) values (1172,12,8099,97188,77,28);
insert into detalleVentas (idDetVenta,cantDetVenta,precioDetVenta,totalDetVenta,idVenta,idProducto) values (1173,6,87,522,88,56);
insert into detalleVentas (idDetVenta,cantDetVenta,precioDetVenta,totalDetVenta,idVenta,idProducto) values (1174,11,6552,72072,64,32);
insert into detalleVentas (idDetVenta,cantDetVenta,precioDetVenta,totalDetVenta,idVenta,idProducto) values (1175,10,6274,62740,69,58);
insert into detalleVentas (idDetVenta,cantDetVenta,precioDetVenta,totalDetVenta,idVenta,idProducto) values (1176,10,8996,89960,91,29);
insert into detalleVentas (idDetVenta,cantDetVenta,precioDetVenta,totalDetVenta,idVenta,idProducto) values (1177,12,3522,42264,14,12);
insert into detalleVentas (idDetVenta,cantDetVenta,precioDetVenta,totalDetVenta,idVenta,idProducto) values (1178,10,1241,12410,51,5);
insert into detalleVentas (idDetVenta,cantDetVenta,precioDetVenta,totalDetVenta,idVenta,idProducto) values (1179,11,6653,73183,57,47);
insert into detalleVentas (idDetVenta,cantDetVenta,precioDetVenta,totalDetVenta,idVenta,idProducto) values (1180,13,1400,18200,8,30);
insert into detalleVentas (idDetVenta,cantDetVenta,precioDetVenta,totalDetVenta,idVenta,idProducto) values (1181,2,5598,11196,78,30);
insert into detalleVentas (idDetVenta,cantDetVenta,precioDetVenta,totalDetVenta,idVenta,idProducto) values (1182,2,7893,15786,44,36);
insert into detalleVentas (idDetVenta,cantDetVenta,precioDetVenta,totalDetVenta,idVenta,idProducto) values (1183,9,257,2313,28,28);
insert into detalleVentas (idDetVenta,cantDetVenta,precioDetVenta,totalDetVenta,idVenta,idProducto) values (1184,3,5025,15075,56,42);
insert into detalleVentas (idDetVenta,cantDetVenta,precioDetVenta,totalDetVenta,idVenta,idProducto) values (1185,12,934,11208,70,40);
insert into detalleVentas (idDetVenta,cantDetVenta,precioDetVenta,totalDetVenta,idVenta,idProducto) values (1186,8,7713,61704,13,42);
insert into detalleVentas (idDetVenta,cantDetVenta,precioDetVenta,totalDetVenta,idVenta,idProducto) values (1187,8,2329,18632,74,51);
insert into detalleVentas (idDetVenta,cantDetVenta,precioDetVenta,totalDetVenta,idVenta,idProducto) values (1188,2,533,1066,65,53);
insert into detalleVentas (idDetVenta,cantDetVenta,precioDetVenta,totalDetVenta,idVenta,idProducto) values (1189,8,3657,29256,37,25);
insert into detalleVentas (idDetVenta,cantDetVenta,precioDetVenta,totalDetVenta,idVenta,idProducto) values (1190,5,4303,21515,58,42);
insert into detalleVentas (idDetVenta,cantDetVenta,precioDetVenta,totalDetVenta,idVenta,idProducto) values (1191,5,2233,11165,29,4);
insert into detalleVentas (idDetVenta,cantDetVenta,precioDetVenta,totalDetVenta,idVenta,idProducto) values (1192,10,3414,34140,46,27);
insert into detalleVentas (idDetVenta,cantDetVenta,precioDetVenta,totalDetVenta,idVenta,idProducto) values (1193,5,1985,9925,4,11);
insert into detalleVentas (idDetVenta,cantDetVenta,precioDetVenta,totalDetVenta,idVenta,idProducto) values (1194,7,4899,34293,72,37);
insert into detalleVentas (idDetVenta,cantDetVenta,precioDetVenta,totalDetVenta,idVenta,idProducto) values (1195,3,9394,28182,30,14);
insert into detalleVentas (idDetVenta,cantDetVenta,precioDetVenta,totalDetVenta,idVenta,idProducto) values (1196,11,1933,21263,95,41);
insert into detalleVentas (idDetVenta,cantDetVenta,precioDetVenta,totalDetVenta,idVenta,idProducto) values (1197,1,7631,7631,35,47);

